year,marketing_year,mya_price_usd_per_bu,mya_price_yoy_pct,apr_price_usd_per_bu,summer_peak_usd_per_bu,summer_rally_pct,nov_price_usd_per_bu,post_harvest_pct
1960,1960/1961,2.13,,2.02,1.99,-1.49,1.96,-2.97
1961,1961/1962,2.28,7.04,3.02,2.6,-13.91,2.27,-24.83
1962,1962/1963,2.34,2.63,2.38,2.35,-1.26,2.3,-3.36
1963,1963/1964,2.51,7.26,2.45,2.48,1.22,2.66,8.57
1964,1964/1965,2.62,4.38,2.45,2.51,2.45,2.57,4.9
1965,1965/1966,2.54,-3.05,2.85,2.74,-3.86,2.36,-17.19
1966,1966/1967,2.75,8.27,2.78,3.49,25.54,2.8,0.72
1967,1967/1968,2.49,-9.45,2.71,2.71,0.0,2.43,-10.33
1968,1968/1969,2.43,-2.41,2.56,2.54,-0.78,2.4,-6.25
1969,1969/1970,2.35,-3.29,2.51,2.52,0.4,2.3,-8.37
1970,1970/1971,2.85,21.28,2.48,2.72,9.68,2.86,15.32
1971,1971/1972,3.03,6.32,2.8,3.18,13.57,2.84,1.43
1972,1972/1973,4.37,44.22,3.37,3.36,-0.3,3.38,0.3
1973,1973/1974,5.68,29.98,6.14,10.0,62.87,5.14,-16.29
1974,1974/1975,6.64,16.9,5.15,7.55,46.6,7.44,44.47
1975,1975/1976,4.92,-25.9,5.6,5.8,3.57,4.45,-20.54
1976,1976/1977,6.81,38.41,4.52,6.73,48.89,6.11,35.18
1977,1977/1978,5.88,-13.66,9.05,8.13,-10.17,5.61,-38.01
1978,1978/1979,6.66,13.27,6.49,6.69,3.08,6.41,-1.23
1979,1979/1980,6.29,-5.56,7.06,7.36,4.25,6.3,-10.76
1980,1980/1981,7.6,20.83,5.63,7.59,34.81,8.18,45.29
1981,1981/1982,6.07,-20.13,7.6,7.13,-6.18,6.04,-20.53
1982,1982/1983,5.71,-5.93,6.17,6.12,-0.81,5.34,-13.45
1983,1983/1984,7.83,37.13,6.09,8.28,35.96,7.81,28.24
1984,1984/1985,5.84,-25.42,7.83,7.99,2.04,6.01,-23.24
1985,1985/1986,5.05,-13.53,5.88,5.62,-4.42,4.92,-16.33
1986,1986/1987,4.78,-5.35,5.23,5.19,-0.76,4.64,-11.28
1987,1987/1988,5.88,23.01,4.9,5.36,9.39,5.36,9.39
1988,1988/1989,7.42,26.19,6.39,8.5,33.02,7.43,16.28
1989,1989/1990,5.69,-23.32,7.29,7.05,-3.29,5.66,-22.36
1990,1990/1991,5.74,0.88,5.82,6.0,3.09,5.78,-0.69
1991,1991/1992,5.58,-2.79,5.77,5.66,-1.91,5.48,-5.03
1992,1992/1993,5.56,-0.36,5.66,5.94,4.95,5.36,-5.3
1993,1993/1994,6.4,15.11,5.73,6.56,14.49,6.32,10.3
1994,1994/1995,5.48,-14.37,6.57,6.72,2.28,5.36,-18.42
1995,1995/1996,6.72,22.63,5.55,5.98,7.75,6.4,15.32
1996,1996/1997,7.35,9.38,7.43,7.82,5.25,6.9,-7.13
1997,1997/1998,6.47,-11.97,8.23,8.16,-0.85,6.86,-16.65
1998,1998/1999,4.93,-23.8,6.26,6.16,-1.6,5.39,-13.9
1999,1999/2000,4.63,-6.09,4.63,4.57,-1.3,4.45,-3.89
2000,2000/2001,4.54,-1.94,5.0,4.93,-1.4,4.55,-9.0
2001,2001/2002,4.38,-3.52,4.22,4.85,14.93,4.16,-1.42
2002,2002/2003,5.53,26.26,4.47,5.53,23.71,5.46,22.15
2003,2003/2004,7.34,32.73,5.82,6.09,4.64,7.05,21.13
2004,2004/2005,5.74,-21.8,9.62,9.08,-5.61,5.36,-44.28
2005,2005/2006,5.66,-1.39,6.03,6.65,10.28,5.62,-6.8
2006,2006/2007,6.43,13.6,5.52,5.62,1.81,6.08,10.14
2007,2007/2008,10.1,57.08,6.88,8.15,18.46,9.42,36.92
2008,2008/2009,9.97,-1.29,12.0,13.3,10.83,9.39,-21.75
2009,2009/2010,9.59,-3.81,9.79,11.4,16.45,9.53,-2.66
2010,2010/2011,11.3,17.83,9.47,10.1,6.65,11.1,17.21
2011,2011/2012,12.5,10.62,13.1,13.4,2.29,11.7,-10.69
2012,2012/2013,14.4,15.2,13.8,16.2,17.39,14.3,3.62
2013,2013/2014,13.0,-9.72,14.4,15.3,6.25,12.7,-11.81
2014,2014/2015,10.1,-22.31,14.3,14.3,0.0,10.2,-28.67
2015,2015/2016,8.95,-11.39,9.69,9.95,2.68,8.68,-10.42
2016,2016/2017,9.47,5.81,9.01,10.2,13.21,9.47,5.11
2017,2017/2018,9.33,-1.48,9.33,9.42,0.96,9.22,-1.18
2018,2018/2019,8.48,-9.11,9.85,9.55,-3.05,8.36,-15.13
2019,2019/2020,8.57,1.06,8.28,8.38,1.21,8.59,3.74
2020,2020/2021,10.8,26.02,8.35,9.24,10.66,10.3,23.35
2021,2021/2022,13.3,23.15,13.9,14.5,4.32,12.1,-12.95
2022,2022/2023,14.2,6.77,15.8,16.4,3.8,14.0,-11.39
2023,2023/2024,12.4,-12.68,14.9,14.7,-1.34,13.0,-12.75
2024,2024/2025,10.0,-19.35,11.8,11.8,0.0,9.84,-16.61
