county_fips,year,yield_bu_per_acre
17007,1950,24.0
17011,1950,26.0
17015,1950,22.0
17025,1950,16.0
17033,1950,17.0
17049,1950,17.0
17055,1950,17.5
17057,1950,26.5
17075,1950,25.5
17081,1950,17.5
17089,1950,23.5
17095,1950,27.5
17105,1950,26.0
17113,1950,26.0
17117,1950,24.0
17119,1950,21.0
17121,1950,14.5
17133,1950,23.0
17143,1950,27.5
17145,1950,16.5
17157,1950,19.5
17163,1950,23.0
17167,1950,28.0
17177,1950,21.5
17179,1950,27.5
17189,1950,19.0
17201,1950,23.5
17203,1950,27.5
18003,1950,25.2
18007,1950,25.8
18011,1950,23.9
18019,1950,18.5
18027,1950,19.3
18031,1950,21.6
18041,1950,24.4
18047,1950,20.2
18057,1950,26.8
18059,1950,22.9
18063,1950,24.6
18067,1950,26.5
18069,1950,28.2
18085,1950,21.4
18087,1950,19.4
18091,1950,20.4
18095,1950,28.6
18113,1950,23.0
18145,1950,23.3
18183,1950,24.0
19009,1950,23.3
19013,1950,18.1
19015,1950,23.7
19019,1950,16.6
19023,1950,16.6
19025,1950,25.3
19041,1950,22.3
19045,1950,21.4
19047,1950,20.4
19049,1950,24.6
19051,1950,20.1
19059,1950,18.4
19069,1950,20.2
19073,1950,24.4
19079,1950,22.1
19081,1950,19.6
19087,1950,25.6
19089,1950,13.1
19091,1950,25.3
19101,1950,23.1
19105,1950,22.6
19111,1950,23.0
19131,1950,14.5
19133,1950,26.1
19135,1950,20.7
19137,1950,27.8
19139,1950,21.3
19141,1950,20.6
19153,1950,23.8
19163,1950,25.0
19169,1950,22.3
19187,1950,24.0
19189,1950,18.1
19195,1950,14.9
19197,1950,22.4
27011,1950,13.0
27013,1950,21.0
27015,1950,17.0
27019,1950,14.0
27033,1950,17.0
27039,1950,18.0
27045,1950,16.0
27047,1950,17.0
27059,1950,6.0
27063,1950,16.0
27085,1950,15.0
27129,1950,15.0
27143,1950,17.0
27147,1950,18.0
27149,1950,13.0
27151,1950,11.0
27161,1950,20.0
27163,1950,13.0
27165,1950,19.0
29011,1950,16.0
29057,1950,13.0
29069,1950,25.2
29143,1950,25.2
29155,1950,28.4
29207,1950,22.6
39003,1950,21.2
39007,1950,19.5
39011,1950,22.4
39015,1950,18.9
39021,1950,24.3
39023,1950,23.8
39027,1950,21.4
39033,1950,20.5
39041,1950,22.7
39057,1950,21.9
39065,1950,21.5
39069,1950,25.6
39091,1950,21.4
39097,1950,24.7
39103,1950,18.3
39109,1950,25.1
39113,1950,23.4
39123,1950,20.6
39125,1950,21.5
39129,1950,23.8
39135,1950,25.0
39137,1950,23.5
39141,1950,20.4
39151,1950,18.3
39155,1950,22.5
39165,1950,21.1
39175,1950,20.8
