model,H,R2_OOS_pooled_integrated,RMSE_OOS_pooled_integrated,R2_OOS_pooled_weather_only,RMSE_OOS_pooled_weather_only,delta_R2,delta_RMSE
ElasticNet,1,0.21452670142928498,5.268154175605907,0.2039247228146298,5.303588639065079,0.010601978614655172,-0.035434463459171894
ElasticNet,2,0.2271479101025915,5.2256576719367525,0.2156304613907331,5.264451426033068,0.011517448711858391,-0.03879375409631525
ElasticNet,3,0.2106056708852747,5.28128694442738,0.2032889838293814,5.305705916961056,0.007316687055893306,-0.02441897253367653
ElasticNet,4,0.12266632899039276,5.567691480594952,0.1154484641743964,5.590547395781437,0.007217864815996358,-0.022855915186484665
ElasticNet,5,0.07738542831432904,5.7095636396084135,0.0635436017228285,5.752233988561329,0.013841826591500545,-0.04267034895291566
ElasticNet,6,0.0,5.944191101860394,0.0,5.944191101860394,0.0,0.0
ElasticNet,7,-0.006276329139341508,5.962815773839705,-0.0136727840600998,5.984689959484209,0.007396454920758293,-0.02187418564450372
ElasticNet,8,-0.015826391896814673,5.991044000439857,-0.022363663072292,6.010290532404498,0.006537271175477328,-0.0192465319646411
ElasticNet,9,-0.034590351217259174,6.046122959621189,-0.0415781003547506,6.066506724064926,0.0069877491374914225,-0.020383764443736574
ElasticNet,10,-0.01673752863875677,5.9937302059169735,-0.0213530063868612,6.007319064195191,0.004615477748104429,-0.013588858278217764
ElasticNet,11,-0.017340060576779504,5.995505924276417,-0.0262760300463344,6.0217795992451535,0.008935969469554897,-0.02627367496873667
Naive,1,0.0,5.944191101860394,0.0,5.944191101860394,0.0,0.0
Naive,2,0.0,5.944191101860394,0.0,5.944191101860394,0.0,0.0
Naive,3,0.0,5.944191101860394,0.0,5.944191101860394,0.0,0.0
Naive,4,0.0,5.944191101860394,0.0,5.944191101860394,0.0,0.0
Naive,5,0.0,5.944191101860394,0.0,5.944191101860394,0.0,0.0
Naive,6,0.0,5.944191101860394,0.0,5.944191101860394,0.0,0.0
Naive,7,0.0,5.944191101860394,0.0,5.944191101860394,0.0,0.0
Naive,8,0.0,5.944191101860394,0.0,5.944191101860394,0.0,0.0
Naive,9,0.0,5.944191101860394,0.0,5.944191101860394,0.0,0.0
Naive,10,0.0,5.944191101860394,0.0,5.944191101860394,0.0,0.0
Naive,11,0.0,5.944191101860394,0.0,5.944191101860394,0.0,0.0
Naive,12,0.0,5.944191101860394,0.0,5.944191101860394,0.0,0.0
RandomForest,1,0.17448853815407583,5.400753018861302,0.168306863716342,5.420936523782348,0.006181674437733847,-0.02018350492104659
RandomForest,2,0.16926706765509114,5.417806338130334,0.166185222975284,5.427846496770515,0.0030818446798071275,-0.01004015864018104
RandomForest,3,0.16227820559476291,5.440548302433146,0.1590288959484987,5.451089341965351,0.0032493096462642146,-0.010541039532204977
RandomForest,4,0.0869878039978893,5.679773965425922,0.0781550723961908,5.707181686830245,0.008832731601698507,-0.027407721404323127
RandomForest,5,0.04497209205194663,5.808992217661565,0.0411185020515093,5.820700220080545,0.0038535900004373347,-0.011708002418980179
RandomForest,6,0.01985110241205379,5.8848959852771525,0.0184173167148492,5.889198696966147,0.0014337856972045891,-0.004302711688994876
RandomForest,7,-0.019825793662081148,6.002826060195008,-0.0165003840724449,5.993031174258926,-0.0033254095896362475,0.009794885936082132
RandomForest,8,-0.03320419264414354,6.042071262128765,-0.0363610967907965,6.051294846428861,0.0031569041466529627,-0.009223584300095844
RandomForest,9,-0.06065349054846636,6.121805483257459,-0.0663852849071966,6.138324380697195,0.005731794358730238,-0.016518897439736335
RandomForest,10,-0.06373956734179953,6.13070501531864,-0.0622832349011199,6.126506900082093,-0.0014563324406796294,0.0041981152365471175
RandomForest,11,-0.044428134833040867,6.074800841488422,-0.0312650648653425,6.036398689943376,-0.013163069967698365,0.03840215154504545
XGBoost,1,0.2159477374459391,5.263386587815894,0.2044824595274985,5.301730445210171,0.011465277918440597,-0.038343857394276704
XGBoost,2,0.19284259283677452,5.340376566388806,0.1844028437001326,5.368223818850815,0.008439749136641916,-0.02784725246200903
XGBoost,3,0.21149481390881242,5.278311788468602,0.1921451457617528,5.342683319530928,0.01934966814705963,-0.06437153106232607
XGBoost,4,0.1168981698391226,5.58596429839616,0.1055543949298145,5.62172672481039,0.011343774909308102,-0.03576242641423022
XGBoost,5,0.06692738370068496,5.741832051744696,0.0451846170981004,5.808345836011952,0.021742766602584562,-0.06651378426725607
XGBoost,6,0.042241159870385236,5.817291786170715,0.0241850432843777,5.871870899216704,0.018056116586007538,-0.05457911304598895
XGBoost,7,-0.01595646879217827,5.99142756571444,-0.0345994793803368,6.046149631953172,0.01864301058815853,-0.05472206623873266
XGBoost,8,-0.026718897598218216,6.023078744439737,-0.0340770220655026,6.044622831457343,0.007358124467284385,-0.021544087017606017
XGBoost,9,-0.10579435950417415,6.250718607376428,-0.0788346927642855,6.174051037044867,-0.026959666739888657,0.07666757033156113
XGBoost,10,-0.06815425975317013,6.143413555376228,-0.0755340026075059,6.164599060484054,0.0073797428543357635,-0.021185505107825797
XGBoost,11,-0.12451989385289974,6.303421297284231,-0.1468381361530362,6.36566568466045,0.02231824230013646,-0.062244387376218846
