model,variant,H,R2_OOS_pooled_integrated,RMSE_OOS_pooled_integrated,R2_OOS_pooled_weather_only,RMSE_OOS_pooled_weather_only,delta_R2,delta_RMSE
LSTM,linear,1,0.34888583421707153,4.941490173339844,0.2582193613052368,5.274328231811523,0.09066647291183472,-0.3328380584716797
LSTM,linear,2,0.3311493992805481,5.0083417892456055,0.29748982191085815,5.132815837860107,0.03365957736968994,-0.12447404861450195
LSTM,linear,3,0.31486040353775024,5.068960666656494,0.28859108686447144,5.165222644805908,0.02626931667327881,-0.09626197814941406
LSTM,linear,4,0.19137781858444214,5.506836891174316,0.141890287399292,5.6728434562683105,0.049487531185150146,-0.16600656509399414
LSTM,linear,5,0.12555468082427979,5.7265849113464355,0.00473099946975708,6.109415054321289,0.1208236813545227,-0.3828301429748535
LSTM,linear,6,-0.2807885408401489,6.930556774139404,-0.07752764225006104,6.356873989105225,-0.2032608985900879,0.5736827850341797
LSTM,linear,7,-0.24365580081939697,6.829351902008057,-0.2503786087036133,6.847785949707031,0.006722807884216309,-0.01843404769897461
LSTM,linear,8,-0.3167935609817505,7.0272955894470215,-0.2270495891571045,6.783603668212891,-0.089743971824646,0.24369192123413086
LSTM,linear,9,-0.24644923210144043,6.83701753616333,-0.2637122869491577,6.884200572967529,0.017263054847717285,-0.04718303680419922
LSTM,linear,10,-0.24318420886993408,6.828056812286377,-0.13901305198669434,6.535724639892578,-0.10417115688323975,0.29233217239379883
LSTM,linear,11,-0.2682802677154541,6.896631717681885,-0.19207024574279785,6.686214923858643,-0.07621002197265625,0.2104167938232422
LSTM,prelu,1,0.2877524495124817,5.168266296386719,0.2836422324180603,5.183157444000244,0.004110217094421387,-0.01489114761352539
LSTM,prelu,2,0.3056026101112366,5.103092670440674,0.24370449781417847,5.325681209564209,0.061898112297058105,-0.22258853912353516
LSTM,prelu,3,0.31534481048583984,5.067168235778809,0.2966364622116089,5.135932922363281,0.018708348274230957,-0.06876468658447266
LSTM,prelu,4,0.21780365705490112,5.416107654571533,0.18848538398742676,5.516677379608154,0.029318273067474365,-0.1005697250366211
LSTM,prelu,5,0.09643739461898804,5.821146488189697,0.01695096492767334,6.071793079376221,0.0794864296913147,-0.25064659118652344
LSTM,prelu,6,-0.022655725479125977,6.192900657653809,-0.06733810901641846,6.326745986938477,0.04468238353729248,-0.13384532928466797
LSTM,prelu,7,-0.15058577060699463,6.568843364715576,-0.19312644004821777,6.689176082611084,0.042540669441223145,-0.12033271789550781
LSTM,prelu,8,-0.30389904975891113,6.992804527282715,-0.04396402835845947,6.257086753845215,-0.25993502140045166,0.7357177734375
LSTM,prelu,9,-0.1112208366394043,6.455495834350586,-0.1651231050491333,6.61021089553833,0.053902268409729004,-0.15471506118774414
LSTM,prelu,10,-0.2918907403945923,6.960529804229736,-0.09008395671844482,6.393805027008057,-0.20180678367614746,0.5667247772216797
LSTM,prelu,11,-0.1536179780960083,6.577492713928223,-0.10054528713226318,6.424411773681641,-0.05307269096374512,0.15308094024658203
