H,decile,n_obs,obs_mean,obs_min,obs_max,pred_mean_Naive,bias_Naive,rmse_Naive,pred_mean_ElasticNet,bias_ElasticNet,rmse_ElasticNet,pred_mean_RandomForest,bias_RandomForest,rmse_RandomForest,pred_mean_XGBoost,bias_XGBoost,rmse_XGBoost,pred_mean_LSTM_PReLU,bias_LSTM_PReLU,rmse_LSTM_PReLU,pred_mean_LSTM_Linear,bias_LSTM_Linear,rmse_LSTM_Linear,pred_mean_LSTM_PReLU_Lag,bias_LSTM_PReLU_Lag,rmse_LSTM_PReLU_Lag,pred_mean_LSTM_Linear_Lag,bias_LSTM_Linear_Lag,rmse_LSTM_Linear_Lag
2,1,405,-10.518,-25.486,-6.625,0.0,10.518,11.063,-1.903,8.615,9.682,-0.88,9.638,10.288,-1.016,9.502,10.254,-2.983,7.535,7.839,-2.256,8.262,8.336,-2.515,8.003,8.199,-3.436,7.082,7.362
2,2,405,-4.726,-6.621,-3.342,0.0,4.726,4.819,-0.82,3.905,4.801,-0.492,4.234,4.527,-0.615,4.111,4.633,-1.64,3.086,4.395,-1.43,3.295,4.111,-1.588,3.138,4.229,-2.069,2.657,3.873
2,3,405,-2.146,-3.342,-1.042,0.0,2.146,2.252,-0.196,1.95,3.284,-0.145,2.001,2.514,-0.213,1.933,2.871,-0.834,1.312,3.316,-0.714,1.432,3.017,-0.809,1.337,2.994,-1.141,1.005,3.016
2,4,405,-0.25,-1.032,0.551,0.0,0.25,0.52,0.514,0.764,2.378,0.213,0.463,1.386,0.25,0.5,2.007,0.164,0.414,2.447,0.076,0.326,2.193,0.148,0.398,2.332,-0.246,0.004,2.489
2,5,405,1.28,0.551,1.94,0.0,-1.28,1.341,0.882,-0.398,2.365,0.475,-0.806,1.532,0.695,-0.585,1.982,0.372,-0.908,2.578,0.514,-0.767,2.09,0.437,-0.843,2.369,0.332,-0.948,2.436
2,6,405,2.611,1.942,3.272,0.0,-2.611,2.639,0.845,-1.766,2.803,0.426,-2.186,2.575,0.605,-2.006,2.805,0.418,-2.193,3.173,0.635,-1.976,2.839,0.736,-1.875,2.853,0.483,-2.128,3.223
2,7,405,3.927,3.277,4.62,0.0,-3.927,3.947,1.367,-2.56,3.508,0.698,-3.229,3.493,1.149,-2.778,3.287,0.952,-2.976,3.687,1.15,-2.777,3.471,1.274,-2.654,3.311,1.2,-2.727,3.505
2,8,405,5.31,4.622,6.085,0.0,-5.31,5.327,1.596,-3.714,4.265,0.898,-4.413,4.584,1.401,-3.909,4.273,1.161,-4.149,4.543,1.512,-3.798,4.195,1.554,-3.757,4.149,1.595,-3.715,4.195
2,9,405,6.847,6.091,7.78,0.0,-6.847,6.864,1.604,-5.243,5.744,0.925,-5.922,6.046,1.361,-5.486,5.738,1.308,-5.539,5.76,1.666,-5.181,5.444,1.736,-5.111,5.329,1.89,-4.957,5.191
2,10,405,9.93,7.788,22.93,0.0,-9.93,10.127,2.166,-7.764,8.184,1.179,-8.751,9.015,1.609,-8.321,8.69,1.657,-8.273,8.84,2.022,-7.907,8.523,2.049,-7.881,8.498,2.095,-7.835,8.457
