feature,indicator,category,campaign_month,importance,H,model
HD35_m10,HD35,Thermal Stress & Dynamics,10.0,0.08245283365249634,3,XGBoost
VPD_m08,VPD,Water Balance & Moisture,8.0,0.0569939948618412,3,XGBoost
VPD_m09,VPD,Water Balance & Moisture,9.0,0.035507556051015854,3,XGBoost
ET0_m08,ET0,Water Balance & Moisture,8.0,0.030831150710582733,3,XGBoost
P_minus_ET0_m07,P_minus_ET0,Water Balance & Moisture,7.0,0.020355626940727234,3,XGBoost
VPD_m10,VPD,Water Balance & Moisture,10.0,0.01853366382420063,3,XGBoost
T_dew_m09,T_dew,Thermal Stress & Dynamics,9.0,0.015651648864150047,3,XGBoost
EDD30_m10,EDD30,Thermal Stress & Dynamics,10.0,0.01525210402905941,3,XGBoost
T_dew_m10,T_dew,Thermal Stress & Dynamics,10.0,0.01356970053166151,3,XGBoost
ET0_m09,ET0,Water Balance & Moisture,9.0,0.012375086545944214,3,XGBoost
T_dew_m01,T_dew,Thermal Stress & Dynamics,1.0,0.01231121364980936,3,XGBoost
T_dew_m08,T_dew,Thermal Stress & Dynamics,8.0,0.012137080542743206,3,XGBoost
P_minus_ET0_m09,P_minus_ET0,Water Balance & Moisture,9.0,0.012024305760860443,3,XGBoost
SM2_m07,SM2,Water Balance & Moisture,7.0,0.011674805544316769,3,XGBoost
P_m09,P,Water Balance & Moisture,9.0,0.01144617423415184,3,XGBoost
SSRD_m07,SSRD,Solar Radiation,7.0,0.010941417887806892,3,XGBoost
P_minus_ET0_m08,P_minus_ET0,Water Balance & Moisture,8.0,0.010684416629374027,3,XGBoost
VPD_m06,VPD,Water Balance & Moisture,6.0,0.010609005577862263,3,XGBoost
GDD_m02,GDD,Thermal Stress & Dynamics,2.0,0.010063018649816513,3,XGBoost
P_m10,P,Water Balance & Moisture,10.0,0.009662185795605183,3,XGBoost
GDD_m03,GDD,Thermal Stress & Dynamics,3.0,0.008533854968845844,3,XGBoost
T_dew_m03,T_dew,Thermal Stress & Dynamics,3.0,0.008379408158361912,3,XGBoost
SSRD_m09,SSRD,Solar Radiation,9.0,0.008207879960536957,3,XGBoost
SM1_m10,SM1,Water Balance & Moisture,10.0,0.007900778204202652,3,XGBoost
T_max_m08,T_max,Thermal Stress & Dynamics,8.0,0.007873841561377048,3,XGBoost
GDD_m08,GDD,Thermal Stress & Dynamics,8.0,0.007650615647435188,3,XGBoost
ET0_m04,ET0,Water Balance & Moisture,4.0,0.007385010831058025,3,XGBoost
SM2_m10,SM2,Water Balance & Moisture,10.0,0.00718335434794426,3,XGBoost
HD30_m09,HD30,Thermal Stress & Dynamics,9.0,0.0068318541161715984,3,XGBoost
SM2_m09,SM2,Water Balance & Moisture,9.0,0.006706553045660257,3,XGBoost
GDD_m04,GDD,Thermal Stress & Dynamics,4.0,0.006692643277347088,3,XGBoost
P_minus_ET0_m06,P_minus_ET0,Water Balance & Moisture,6.0,0.006561279296875,3,XGBoost
P_m02,P,Water Balance & Moisture,2.0,0.006522390525788069,3,XGBoost
SSRD_m02,SSRD,Solar Radiation,2.0,0.006421246100217104,3,XGBoost
T_mean_m05,T_mean,Thermal Stress & Dynamics,5.0,0.006416338961571455,3,XGBoost
SM_root_m03,SM_root,Water Balance & Moisture,3.0,0.0062596676871180534,3,XGBoost
ET0_m06,ET0,Water Balance & Moisture,6.0,0.006177273113280535,3,XGBoost
ET0_m01,ET0,Water Balance & Moisture,1.0,0.006170825567096472,3,XGBoost
T_min_m01,T_min,Thermal Stress & Dynamics,1.0,0.006054893601685762,3,XGBoost
P_m08,P,Water Balance & Moisture,8.0,0.006011478137224913,3,XGBoost
T_min_m04,T_min,Thermal Stress & Dynamics,4.0,0.005978611763566732,3,XGBoost
SM_root_m07,SM_root,Water Balance & Moisture,7.0,0.005959345027804375,3,XGBoost
SM2_m08,SM2,Water Balance & Moisture,8.0,0.00592412706464529,3,XGBoost
SSRD_m08,SSRD,Solar Radiation,8.0,0.0058557032607495785,3,XGBoost
T_min_m09,T_min,Thermal Stress & Dynamics,9.0,0.005770029500126839,3,XGBoost
T_min_m08,T_min,Thermal Stress & Dynamics,8.0,0.005758219864219427,3,XGBoost
P_m04,P,Water Balance & Moisture,4.0,0.005716949701309204,3,XGBoost
P_m06,P,Water Balance & Moisture,6.0,0.005711559671908617,3,XGBoost
T_mean_m03,T_mean,Thermal Stress & Dynamics,3.0,0.005597135052084923,3,XGBoost
T_mean_m02,T_mean,Thermal Stress & Dynamics,2.0,0.005575432442128658,3,XGBoost
T_min_m10,T_min,Thermal Stress & Dynamics,10.0,0.0055748033337295055,3,XGBoost
T_min_m03,T_min,Thermal Stress & Dynamics,3.0,0.005558138247579336,3,XGBoost
SM3_m08,SM3,Water Balance & Moisture,8.0,0.005553883500397205,3,XGBoost
T_dew_m04,T_dew,Thermal Stress & Dynamics,4.0,0.005535921547561884,3,XGBoost
T_dew_m02,T_dew,Thermal Stress & Dynamics,2.0,0.005454024765640497,3,XGBoost
ET0_m10,ET0,Water Balance & Moisture,10.0,0.0053694890812039375,3,XGBoost
P_minus_ET0_m04,P_minus_ET0,Water Balance & Moisture,4.0,0.005249418783932924,3,XGBoost
P_m07,P,Water Balance & Moisture,7.0,0.005236761644482613,3,XGBoost
SSRD_m06,SSRD,Solar Radiation,6.0,0.005220541264861822,3,XGBoost
EDD30_m09,EDD30,Thermal Stress & Dynamics,9.0,0.005194730591028929,3,XGBoost
HD35_m09,HD35,Thermal Stress & Dynamics,9.0,0.005173211917281151,3,XGBoost
SM1_m01,SM1,Water Balance & Moisture,1.0,0.005165589042007923,3,XGBoost
T_mean_m09,T_mean,Thermal Stress & Dynamics,9.0,0.005068270489573479,3,XGBoost
SM_root_m10,SM_root,Water Balance & Moisture,10.0,0.004976450931280851,3,XGBoost
ET0_m03,ET0,Water Balance & Moisture,3.0,0.004966893699020147,3,XGBoost
T_mean_m04,T_mean,Thermal Stress & Dynamics,4.0,0.004950874950736761,3,XGBoost
SM1_m09,SM1,Water Balance & Moisture,9.0,0.0048772008158266544,3,XGBoost
GDD_m05,GDD,Thermal Stress & Dynamics,5.0,0.00484142592176795,3,XGBoost
SM3_m02,SM3,Water Balance & Moisture,2.0,0.004811448510736227,3,XGBoost
VPD_m05,VPD,Water Balance & Moisture,5.0,0.004805839620530605,3,XGBoost
GDD_m06,GDD,Thermal Stress & Dynamics,6.0,0.004774725530296564,3,XGBoost
T_mean_m10,T_mean,Thermal Stress & Dynamics,10.0,0.00476158456876874,3,XGBoost
P_minus_ET0_m05,P_minus_ET0,Water Balance & Moisture,5.0,0.004745156038552523,3,XGBoost
T_max_m03,T_max,Thermal Stress & Dynamics,3.0,0.0047280918806791306,3,XGBoost
T_max_m02,T_max,Thermal Stress & Dynamics,2.0,0.0046642436645925045,3,XGBoost
SM3_m07,SM3,Water Balance & Moisture,7.0,0.004538631998002529,3,XGBoost
HD30_m06,HD30,Thermal Stress & Dynamics,6.0,0.00448118569329381,3,XGBoost
SSRD_m04,SSRD,Solar Radiation,4.0,0.004479519557207823,3,XGBoost
EDD30_m08,EDD30,Thermal Stress & Dynamics,8.0,0.0044600884430110455,3,XGBoost
T_mean_m06,T_mean,Thermal Stress & Dynamics,6.0,0.004387621767818928,3,XGBoost
P_minus_ET0_m02,P_minus_ET0,Water Balance & Moisture,2.0,0.004378032870590687,3,XGBoost
SSRD_m05,SSRD,Solar Radiation,5.0,0.004359913989901543,3,XGBoost
T_max_m07,T_max,Thermal Stress & Dynamics,7.0,0.004324241541326046,3,XGBoost
SSRD_m03,SSRD,Solar Radiation,3.0,0.004300158936530352,3,XGBoost
HD30_m07,HD30,Thermal Stress & Dynamics,7.0,0.004299886059015989,3,XGBoost
SM2_m03,SM2,Water Balance & Moisture,3.0,0.004208281636238098,3,XGBoost
ET0_m05,ET0,Water Balance & Moisture,5.0,0.004178975243121386,3,XGBoost
GDD_m01,GDD,Thermal Stress & Dynamics,1.0,0.0041310833767056465,3,XGBoost
SM1_m04,SM1,Water Balance & Moisture,4.0,0.004112536553293467,3,XGBoost
T_max_m10,T_max,Thermal Stress & Dynamics,10.0,0.00411066273227334,3,XGBoost
T_min_m02,T_min,Thermal Stress & Dynamics,2.0,0.004082737024873495,3,XGBoost
T_mean_m08,T_mean,Thermal Stress & Dynamics,8.0,0.004063068423420191,3,XGBoost
SM1_m07,SM1,Water Balance & Moisture,7.0,0.004044042434543371,3,XGBoost
ET0_m07,ET0,Water Balance & Moisture,7.0,0.004038665909320116,3,XGBoost
SSRD_m01,SSRD,Solar Radiation,1.0,0.0040006330236792564,3,XGBoost
SM2_m01,SM2,Water Balance & Moisture,1.0,0.003955421503633261,3,XGBoost
SM_root_m08,SM_root,Water Balance & Moisture,8.0,0.003941291943192482,3,XGBoost
P_m03,P,Water Balance & Moisture,3.0,0.0039260899648070335,3,XGBoost
EDD30_m07,EDD30,Thermal Stress & Dynamics,7.0,0.003851748537272215,3,XGBoost
P_minus_ET0_m01,P_minus_ET0,Water Balance & Moisture,1.0,0.0038277427665889263,3,XGBoost
VPD_m03,VPD,Water Balance & Moisture,3.0,0.0038034014869481325,3,XGBoost
SSRD_m10,SSRD,Solar Radiation,10.0,0.0037972689606249332,3,XGBoost
SM1_m03,SM1,Water Balance & Moisture,3.0,0.003784206695854664,3,XGBoost
SM3_m01,SM3,Water Balance & Moisture,1.0,0.003777417354285717,3,XGBoost
VPD_m07,VPD,Water Balance & Moisture,7.0,0.003671738551929593,3,XGBoost
SM1_m02,SM1,Water Balance & Moisture,2.0,0.0036667464300990105,3,XGBoost
T_max_m06,T_max,Thermal Stress & Dynamics,6.0,0.003601842327043414,3,XGBoost
SM3_m06,SM3,Water Balance & Moisture,6.0,0.0035731664393097162,3,XGBoost
SM2_m02,SM2,Water Balance & Moisture,2.0,0.0035650364588946104,3,XGBoost
T_min_m07,T_min,Thermal Stress & Dynamics,7.0,0.0035573814529925585,3,XGBoost
P_minus_ET0_m10,P_minus_ET0,Water Balance & Moisture,10.0,0.003505977336317301,3,XGBoost
T_dew_m07,T_dew,Thermal Stress & Dynamics,7.0,0.0034513785503804684,3,XGBoost
T_max_m05,T_max,Thermal Stress & Dynamics,5.0,0.0034024673514068127,3,XGBoost
SM_root_m04,SM_root,Water Balance & Moisture,4.0,0.0034000559244304895,3,XGBoost
T_max_m04,T_max,Thermal Stress & Dynamics,4.0,0.0033473968505859375,3,XGBoost
P_minus_ET0_m03,P_minus_ET0,Water Balance & Moisture,3.0,0.00325562572106719,3,XGBoost
P_m01,P,Water Balance & Moisture,1.0,0.0031680951360613108,3,XGBoost
SM_root_m02,SM_root,Water Balance & Moisture,2.0,0.003167138434946537,3,XGBoost
SM2_m05,SM2,Water Balance & Moisture,5.0,0.0031499676406383514,3,XGBoost
GDD_m10,GDD,Thermal Stress & Dynamics,10.0,0.0030856644734740257,3,XGBoost
T_min_m06,T_min,Thermal Stress & Dynamics,6.0,0.0030805671121925116,3,XGBoost
HD30_m10,HD30,Thermal Stress & Dynamics,10.0,0.0030432166531682014,3,XGBoost
SM_root_m06,SM_root,Water Balance & Moisture,6.0,0.0030084445606917143,3,XGBoost
VPD_m04,VPD,Water Balance & Moisture,4.0,0.002999005140736699,3,XGBoost
T_min_m05,T_min,Thermal Stress & Dynamics,5.0,0.0029870420694351196,3,XGBoost
T_max_m01,T_max,Thermal Stress & Dynamics,1.0,0.0029638537671417,3,XGBoost
ET0_m02,ET0,Water Balance & Moisture,2.0,0.0028973922599107027,3,XGBoost
SM_root_m01,SM_root,Water Balance & Moisture,1.0,0.0028868913650512695,3,XGBoost
P_m05,P,Water Balance & Moisture,5.0,0.002880171639844775,3,XGBoost
T_dew_m06,T_dew,Thermal Stress & Dynamics,6.0,0.002829964505508542,3,XGBoost
VPD_m02,VPD,Water Balance & Moisture,2.0,0.00282570393756032,3,XGBoost
T_mean_m01,T_mean,Thermal Stress & Dynamics,1.0,0.0028150228317826986,3,XGBoost
SM1_m05,SM1,Water Balance & Moisture,5.0,0.0027820426039397717,3,XGBoost
EDD30_m06,EDD30,Thermal Stress & Dynamics,6.0,0.0027628224343061447,3,XGBoost
HD30_m08,HD30,Thermal Stress & Dynamics,8.0,0.0026397870387881994,3,XGBoost
T_max_m09,T_max,Thermal Stress & Dynamics,9.0,0.0026141551788896322,3,XGBoost
GDD_m07,GDD,Thermal Stress & Dynamics,7.0,0.0026119861286133528,3,XGBoost
SM2_m04,SM2,Water Balance & Moisture,4.0,0.00257904757745564,3,XGBoost
SM_root_m09,SM_root,Water Balance & Moisture,9.0,0.0025681050028651953,3,XGBoost
SM3_m10,SM3,Water Balance & Moisture,10.0,0.0025344041641801596,3,XGBoost
SM2_m06,SM2,Water Balance & Moisture,6.0,0.0025134480092674494,3,XGBoost
lon_norm,spatial,Spatial Coordinates,,0.002495993161574006,3,XGBoost
SM1_m08,SM1,Water Balance & Moisture,8.0,0.002485887845978141,3,XGBoost
SM3_m05,SM3,Water Balance & Moisture,5.0,0.002467346377670765,3,XGBoost
lat_norm,spatial,Spatial Coordinates,,0.0024058420676738024,3,XGBoost
T_dew_m05,T_dew,Thermal Stress & Dynamics,5.0,0.002401948906481266,3,XGBoost
VPD_m01,VPD,Water Balance & Moisture,1.0,0.0023601187858730555,3,XGBoost
GDD_m09,GDD,Thermal Stress & Dynamics,9.0,0.0023248069919645786,3,XGBoost
SM3_m04,SM3,Water Balance & Moisture,4.0,0.0023056031204760075,3,XGBoost
T_mean_m07,T_mean,Thermal Stress & Dynamics,7.0,0.0022367388010025024,3,XGBoost
SM1_m06,SM1,Water Balance & Moisture,6.0,0.0021380779799073935,3,XGBoost
SM_root_m05,SM_root,Water Balance & Moisture,5.0,0.0018623019568622112,3,XGBoost
SM3_m03,SM3,Water Balance & Moisture,3.0,0.0017692020628601313,3,XGBoost
SM3_m09,SM3,Water Balance & Moisture,9.0,0.0015848780749365687,3,XGBoost
HD30_m01,HD30,Thermal Stress & Dynamics,1.0,0.0,3,XGBoost
HD35_m01,HD35,Thermal Stress & Dynamics,1.0,0.0,3,XGBoost
EDD30_m03,EDD30,Thermal Stress & Dynamics,3.0,0.0,3,XGBoost
HD35_m03,HD35,Thermal Stress & Dynamics,3.0,0.0,3,XGBoost
HD30_m03,HD30,Thermal Stress & Dynamics,3.0,0.0,3,XGBoost
EDD30_m02,EDD30,Thermal Stress & Dynamics,2.0,0.0,3,XGBoost
HD35_m02,HD35,Thermal Stress & Dynamics,2.0,0.0,3,XGBoost
HD30_m02,HD30,Thermal Stress & Dynamics,2.0,0.0,3,XGBoost
EDD30_m01,EDD30,Thermal Stress & Dynamics,1.0,0.0,3,XGBoost
EDD30_m04,EDD30,Thermal Stress & Dynamics,4.0,0.0,3,XGBoost
HD35_m06,HD35,Thermal Stress & Dynamics,6.0,0.0,3,XGBoost
HD35_m05,HD35,Thermal Stress & Dynamics,5.0,0.0,3,XGBoost
EDD30_m05,EDD30,Thermal Stress & Dynamics,5.0,0.0,3,XGBoost
HD30_m05,HD30,Thermal Stress & Dynamics,5.0,0.0,3,XGBoost
HD35_m04,HD35,Thermal Stress & Dynamics,4.0,0.0,3,XGBoost
HD30_m04,HD30,Thermal Stress & Dynamics,4.0,0.0,3,XGBoost
HD35_m08,HD35,Thermal Stress & Dynamics,8.0,0.0,3,XGBoost
HD35_m07,HD35,Thermal Stress & Dynamics,7.0,0.0,3,XGBoost
