H,model,n_obs,R2_OOS_pooled,RMSE_OOS_pooled,MAE_OOS_pooled,Skill_Score_pct,p_val_vs_naive,p_val_vs_elasticnet
12,Naive,4050,0.0,5.9442,4.7732,0.0,,
11,Naive,4050,0.0,5.9442,4.7732,0.0,,
11,ElasticNet,4050,-0.0263,6.0218,4.8232,-1.31,0.45964826364070177,
11,RandomForest,4050,-0.0313,6.0364,4.7813,-1.55,0.08529919758439064,0.06056523136794567
11,XGBoost,4050,-0.1468,6.3657,4.9737,-7.09,0.7677274774760008,0.338741784915328
11,LSTM_PReLU,2025,-0.1005,6.4244,5.1954,-8.08,0.467041015625,0.67877197265625
11,LSTM_Linear,2025,-0.1921,6.6862,5.2937,-12.48,0.4019775390625,0.76153564453125
11,LSTM_PReLU_Lag,2025,-0.1536,6.5775,5.1564,-10.65,0.1038818359375,0.33026123046875
11,LSTM_Linear_Lag,2025,-0.2683,6.8966,5.4703,-16.02,0.70025634765625,0.42120361328125
10,Naive,4050,0.0,5.9442,4.7732,0.0,,
10,ElasticNet,4050,-0.0214,6.0073,4.8231,-1.06,0.6795872980728745,
10,RandomForest,4050,-0.0623,6.1265,4.8767,-3.07,0.8505779262632132,0.7456546742469072
10,XGBoost,4050,-0.0755,6.1646,4.8525,-3.71,0.5161632113158703,1.0
10,LSTM_PReLU,2025,-0.0901,6.3938,5.2147,-7.56,0.660614013671875,0.42120361328125
10,LSTM_Linear,2025,-0.139,6.5357,5.2194,-9.95,0.5765380859375,0.5614013671875
10,LSTM_PReLU_Lag,2025,-0.2919,6.9605,5.5046,-17.1,0.660614013671875,0.803955078125
10,LSTM_Linear_Lag,2025,-0.2432,6.8281,5.555,-14.87,0.992462158203125,0.04791259765625
9,Naive,4050,0.0,5.9442,4.7732,0.0,,
9,ElasticNet,4050,-0.0416,6.0665,4.8868,-2.06,0.7919350508600473,
9,RandomForest,4050,-0.0664,6.1383,4.9142,-3.27,0.8644971856847405,0.42795460671186447
9,XGBoost,4050,-0.0788,6.1741,4.8832,-3.87,0.8553168969228864,0.6701805889606476
9,LSTM_PReLU,2025,-0.1651,6.6102,5.2866,-11.2,0.532958984375,0.97796630859375
9,LSTM_Linear,2025,-0.2637,6.8842,5.5379,-15.81,0.91558837890625,0.22930908203125
9,LSTM_PReLU_Lag,2025,-0.1112,6.4555,5.2332,-8.6,0.70025634765625,0.7197265625
9,LSTM_Linear_Lag,2025,-0.2464,6.837,5.3992,-15.02,0.64013671875,0.52447509765625
8,Naive,4050,0.0,5.9442,4.7732,0.0,,
8,ElasticNet,4050,-0.0224,6.0103,4.8301,-1.11,0.5080832093954086,
8,RandomForest,4050,-0.0364,6.0513,4.8373,-1.8,0.7739178286865354,0.4898460879921913
8,XGBoost,4050,-0.0341,6.0446,4.8062,-1.69,0.619467263109982,1.0
8,LSTM_PReLU,2025,-0.044,6.2571,5.0548,-5.26,0.4234619140625,0.97796630859375
8,LSTM_Linear,2025,-0.227,6.7836,5.5106,-14.12,0.9583740234375,0.15142822265625
8,LSTM_PReLU_Lag,2025,-0.3039,6.9928,5.4745,-17.64,0.619232177734375,0.48870849609375
8,LSTM_Linear_Lag,2025,-0.3168,7.0273,5.5308,-18.22,0.737762451171875,0.45428466796875
7,Naive,4050,0.0,5.9442,4.7732,0.0,,
7,ElasticNet,4050,-0.0137,5.9847,4.7973,-0.68,0.23227252252399921,
7,RandomForest,4050,-0.0165,5.993,4.7888,-0.82,0.3575664833188057,0.6554384250193834
7,XGBoost,4050,-0.0346,6.0461,4.8162,-1.72,0.45161323621869087,0.7456546742469072
7,LSTM_PReLU,2025,-0.1931,6.6892,5.3504,-12.53,0.70025634765625,0.67877197265625
7,LSTM_Linear,2025,-0.2504,6.8478,5.4354,-15.2,0.8204345703125,0.27685546875
7,LSTM_PReLU_Lag,2025,-0.1506,6.5688,5.2176,-10.51,0.29974365234375,0.93408203125
7,LSTM_Linear_Lag,2025,-0.2437,6.8294,5.414,-14.89,0.532958984375,0.7197265625
6,Naive,4050,0.0,5.9442,4.7732,0.0,,
6,ElasticNet,4050,0.0,5.9442,4.7732,0.0,0.5228437545220546,
6,RandomForest,4050,0.0184,5.8892,4.7011,0.93,0.22608217131346464,0.4521643426269293
6,XGBoost,4050,0.0242,5.8719,4.6493,1.22,0.08209204114973545,0.1641840822994709
6,LSTM_PReLU,2025,-0.0673,6.3267,5.0973,-6.44,0.5980224609375,0.846923828125
6,LSTM_Linear,2025,-0.0775,6.3569,5.0865,-6.94,0.660614013671875,0.7197265625
6,LSTM_PReLU_Lag,2025,-0.0227,6.1929,4.9897,-4.18,0.4451904296875,0.890380859375
6,LSTM_Linear_Lag,2025,-0.2808,6.9306,5.5429,-16.59,0.8961181640625,0.22930908203125
5,Naive,4050,0.0,5.9442,4.7732,0.0,,
5,ElasticNet,4050,0.0635,5.7522,4.5502,3.23,0.026131673716008663,
5,RandomForest,4050,0.0411,5.8207,4.5858,2.08,0.1310611367225647,0.6120056137442589
5,XGBoost,4050,0.0452,5.8083,4.5353,2.29,0.1310611367225647,0.4399667661637068
5,LSTM_PReLU,2025,0.017,6.0718,4.9169,-2.15,0.227142333984375,0.27685546875
5,LSTM_Linear,2025,0.0047,6.1094,4.8476,-2.78,0.075714111328125,0.5614013671875
5,LSTM_PReLU_Lag,2025,0.0964,5.8211,4.6917,2.07,0.010772705078125,0.97796630859375
5,LSTM_Linear_Lag,2025,0.1256,5.7266,4.5916,3.66,0.023956298828125,0.52447509765625
4,Naive,4050,0.0,5.9442,4.7732,0.0,,
4,ElasticNet,4050,0.1154,5.5905,4.3774,5.95,0.0033197682350873947,
4,RandomForest,4050,0.0782,5.7072,4.4922,3.99,0.02132585272192955,0.18396909348666668
4,XGBoost,4050,0.1056,5.6217,4.3802,5.42,0.008726834319531918,0.9032264724373817
4,LSTM_PReLU,2025,0.1885,5.5167,4.4627,7.19,0.00042724609375,0.1876220703125
4,LSTM_Linear,2025,0.1419,5.6728,4.5572,4.56,0.004180908203125,0.52447509765625
4,LSTM_PReLU_Lag,2025,0.2178,5.4161,4.3872,8.88,0.00042724609375,0.7197265625
4,LSTM_Linear_Lag,2025,0.1914,5.5068,4.4504,7.36,0.00213623046875,0.890380859375
3,Naive,4050,0.0,5.9442,4.7732,0.0,,
3,ElasticNet,4050,0.2033,5.3057,4.1664,10.74,9.122304618358612e-06,
3,RandomForest,4050,0.159,5.4511,4.2709,8.3,1.3811513781547546e-06,0.140283040702343
3,XGBoost,4050,0.1921,5.3427,4.1564,10.12,1.1743977665901184e-06,0.5158484429121017
3,LSTM_PReLU,2025,0.2966,5.1359,4.1175,13.6,3.0517578125e-05,0.638671875
3,LSTM_Linear,2025,0.2886,5.1652,4.1827,13.1,6.103515625e-05,0.76153564453125
3,LSTM_PReLU_Lag,2025,0.3153,5.0672,4.0719,14.75,3.0517578125e-05,0.890380859375
3,LSTM_Linear_Lag,2025,0.3149,5.069,4.0946,14.72,3.0517578125e-05,0.42120361328125
2,Naive,4050,0.0,5.9442,4.7732,0.0,,
2,ElasticNet,4050,0.2156,5.2645,4.1122,11.44,0.00015637744218111038,
2,RandomForest,4050,0.1662,5.4278,4.2846,8.69,9.955838322639465e-07,0.28936620615422726
2,XGBoost,4050,0.1844,5.3682,4.1999,9.69,7.988885045051575e-06,0.4399667661637068
2,LSTM_PReLU,2025,0.2437,5.3257,4.3374,10.41,6.103515625e-05,0.25238037109375
2,LSTM_Linear,2025,0.2975,5.1328,4.135,13.65,0.00030517578125,0.45428466796875
2,LSTM_PReLU_Lag,2025,0.3056,5.1031,4.1058,14.15,3.0517578125e-05,0.5994873046875
2,LSTM_Linear_Lag,2025,0.3311,5.0083,4.0246,15.74,0.000152587890625,0.97796630859375
1,Naive,4050,0.0,5.9442,4.7732,0.0,,
1,ElasticNet,4050,0.2039,5.3036,4.156,10.78,8.494872599840164e-05,
1,RandomForest,4050,0.1683,5.4209,4.2817,8.8,7.096678018569946e-07,0.5978077705949545
1,XGBoost,4050,0.2045,5.3017,4.1433,10.81,5.304813385009766e-06,0.9515264742076397
1,LSTM_PReLU,2025,0.2836,5.1832,4.162,12.8,0.001007080078125,0.5994873046875
1,LSTM_Linear,2025,0.2582,5.2743,4.2767,11.27,0.001678466796875,0.27685546875
1,LSTM_PReLU_Lag,2025,0.2878,5.1683,4.1823,13.05,3.0517578125e-05,0.5994873046875
1,LSTM_Linear_Lag,2025,0.3489,4.9415,3.971,16.87,0.000152587890625,0.30279541015625
