H,model,temporal_AR1_mean,temporal_AR1_std,morans_I_spatial_mean,morans_I_spatial_std
1,ElasticNet,0.0797,0.1852,0.1846,0.086
1,RandomForest,0.0643,0.1855,0.1968,0.0712
1,XGBoost,0.0576,0.1908,0.1958,0.0692
1,LSTM_PReLU,-0.0426,0.2413,0.1644,0.0695
1,LSTM_Linear,-0.0452,0.2452,0.176,0.0757
1,LSTM_PReLU_Lag,-0.0775,0.2444,0.1594,0.0672
1,LSTM_Linear_Lag,-0.0581,0.2525,0.1449,0.0597
2,ElasticNet,0.0849,0.1775,0.1783,0.0886
2,RandomForest,0.0656,0.1813,0.1952,0.0689
2,XGBoost,0.0493,0.1776,0.1928,0.0624
2,LSTM_PReLU,-0.0328,0.2508,0.1565,0.0719
2,LSTM_Linear,-0.0105,0.2372,0.1518,0.07
2,LSTM_PReLU_Lag,-0.0753,0.2541,0.1507,0.0659
2,LSTM_Linear_Lag,-0.0723,0.2322,0.1463,0.0623
3,ElasticNet,0.0718,0.1759,0.1766,0.0758
3,RandomForest,0.0622,0.186,0.1974,0.0727
3,XGBoost,0.0363,0.1749,0.1934,0.0649
3,LSTM_PReLU,-0.0009,0.2356,0.1644,0.0565
3,LSTM_Linear,-0.0278,0.2605,0.1614,0.0607
3,LSTM_PReLU_Lag,-0.0432,0.2408,0.1568,0.0572
3,LSTM_Linear_Lag,-0.0349,0.2379,0.1413,0.0566
6,ElasticNet,0.0999,0.1761,0.205,0.0803
6,RandomForest,0.0838,0.1811,0.206,0.072
6,XGBoost,0.0521,0.1745,0.2093,0.0685
6,LSTM_PReLU,0.0472,0.3039,0.1889,0.0601
6,LSTM_Linear,0.0075,0.3007,0.1963,0.0655
6,LSTM_PReLU_Lag,0.0247,0.3229,0.195,0.063
6,LSTM_Linear_Lag,-0.003,0.3045,0.2028,0.0567
