model,H,n_obs,bias_mean,rmse,mae,skewness,excess_kurtosis,jarque_bera_stat,jarque_bera_p,shapiro_stat,shapiro_p,spearman_fitted_vs_abs_resid,spearman_p,var_shock_regime,var_normal_regime,var_bumper_regime,var_1996_2005,var_2006_2015,var_2016_2025
ElasticNet,1,4050,0.5375,5.2682,4.121,-0.555,0.9931,374.31,0.0,0.9817,0.0,-0.129,0.0,19.42,10.22,8.18,28.96,25.3,22.25
ElasticNet,2,4050,0.5365,5.2257,4.0758,-0.564,1.0619,405.05,0.0,0.9804,0.0,-0.135,0.0,19.77,10.04,8.13,28.22,24.94,22.17
ElasticNet,3,4050,0.8583,5.2813,4.1385,-0.6461,1.1926,521.77,0.0,0.9759,0.0,-0.0969,0.0,19.22,8.8,6.61,29.99,24.86,21.79
ElasticNet,4,4050,0.8753,5.5677,4.3492,-0.6987,1.3144,621.1,0.0,0.9654,0.0,-0.0752,2e-06,21.41,9.3,7.07,33.6,27.64,24.9
ElasticNet,5,4050,1.0556,5.7096,4.5055,-0.6419,1.0529,465.21,0.0,0.9684,0.0,-0.0888,0.0,18.36,9.09,7.38,34.31,27.72,26.41
ElasticNet,6,4050,1.2266,5.9442,4.7732,-0.6658,0.791,404.78,0.0,0.9647,0.0,0.1234,0.0,13.04,7.48,4.91,35.85,31.73,25.72
ElasticNet,7,4050,1.2194,5.9628,4.7768,-0.6443,0.8107,391.1,0.0,0.9681,0.0,-0.0979,0.0,14.42,8.26,5.75,35.28,32.81,26.69
ElasticNet,8,4050,1.1779,5.991,4.8119,-0.6341,0.7396,363.68,0.0,0.9694,0.0,-0.1278,0.0,13.94,8.34,5.49,36.07,33.38,27.14
ElasticNet,9,4050,1.2663,6.0461,4.8682,-0.624,0.7123,348.48,0.0,0.9701,0.0,-0.1514,0.0,13.81,8.44,5.53,36.42,32.81,27.76
ElasticNet,10,4050,1.2348,5.9937,4.8104,-0.6612,0.8329,412.22,0.0,0.9656,0.0,-0.0788,1e-06,13.88,7.8,5.17,36.81,31.86,26.69
ElasticNet,11,4050,1.1927,5.9955,4.7986,-0.6697,0.8673,429.71,0.0,0.964,0.0,-0.066,2.6e-05,14.35,7.83,5.32,37.37,31.58,26.94
ElasticNet,12,4050,1.2227,5.9411,4.7704,-0.6671,0.7942,406.83,0.0,0.9647,0.0,0.1367,0.0,13.04,7.48,4.9,35.85,31.73,25.68
Naive,1,4050,1.2266,5.9442,4.7732,-0.6658,0.791,404.78,0.0,0.9647,0.0,,,13.04,7.48,4.91,35.85,31.73,25.72
Naive,2,4050,1.2266,5.9442,4.7732,-0.6658,0.791,404.78,0.0,0.9647,0.0,,,13.04,7.48,4.91,35.85,31.73,25.72
Naive,3,4050,1.2266,5.9442,4.7732,-0.6658,0.791,404.78,0.0,0.9647,0.0,,,13.04,7.48,4.91,35.85,31.73,25.72
Naive,4,4050,1.2266,5.9442,4.7732,-0.6658,0.791,404.78,0.0,0.9647,0.0,,,13.04,7.48,4.91,35.85,31.73,25.72
Naive,5,4050,1.2266,5.9442,4.7732,-0.6658,0.791,404.78,0.0,0.9647,0.0,,,13.04,7.48,4.91,35.85,31.73,25.72
Naive,6,4050,1.2266,5.9442,4.7732,-0.6658,0.791,404.78,0.0,0.9647,0.0,,,13.04,7.48,4.91,35.85,31.73,25.72
Naive,7,4050,1.2266,5.9442,4.7732,-0.6658,0.791,404.78,0.0,0.9647,0.0,,,13.04,7.48,4.91,35.85,31.73,25.72
Naive,8,4050,1.2266,5.9442,4.7732,-0.6658,0.791,404.78,0.0,0.9647,0.0,,,13.04,7.48,4.91,35.85,31.73,25.72
Naive,9,4050,1.2266,5.9442,4.7732,-0.6658,0.791,404.78,0.0,0.9647,0.0,,,13.04,7.48,4.91,35.85,31.73,25.72
Naive,10,4050,1.2266,5.9442,4.7732,-0.6658,0.791,404.78,0.0,0.9647,0.0,,,13.04,7.48,4.91,35.85,31.73,25.72
Naive,11,4050,1.2266,5.9442,4.7732,-0.6658,0.791,404.78,0.0,0.9647,0.0,,,13.04,7.48,4.91,35.85,31.73,25.72
Naive,12,4050,1.2266,5.9442,4.7732,-0.6658,0.791,404.78,0.0,0.9647,0.0,,,13.04,7.48,4.91,35.85,31.73,25.72
RandomForest,1,4050,0.8066,5.4008,4.2579,-0.6386,0.9889,440.27,0.0,0.9708,0.0,-0.0829,0.0,14.76,7.89,5.91,30.69,26.79,22.39
RandomForest,2,4050,0.8314,5.4178,4.2628,-0.6167,1.0184,431.77,0.0,0.9714,0.0,-0.093,0.0,14.68,7.9,6.24,30.72,26.57,22.82
RandomForest,3,4050,0.9389,5.4405,4.281,-0.6593,1.1725,525.41,0.0,0.9671,0.0,-0.0609,0.000104,14.94,7.3,5.87,31.57,26.04,22.59
RandomForest,4,4050,0.993,5.6798,4.4662,-0.6764,1.1753,541.89,0.0,0.9615,0.0,-0.0378,0.016093,17.39,8.22,6.43,33.83,28.78,24.1
RandomForest,5,4050,1.28,5.809,4.5751,-0.6345,1.168,501.96,0.0,0.9603,0.0,-0.0584,0.0002,17.48,8.19,7.3,34.21,28.22,25.64
RandomForest,6,4050,1.4522,5.8849,4.6771,-0.6767,1.1995,551.85,0.0,0.96,0.0,-0.0537,0.000626,18.27,8.38,6.91,34.42,29.53,24.86
RandomForest,7,4050,1.3222,6.0028,4.8009,-0.6044,0.8482,367.95,0.0,0.9658,0.0,-0.1129,0.0,14.41,8.0,6.22,35.45,30.84,28.06
RandomForest,8,4050,1.334,6.0421,4.8363,-0.5888,0.8,342.03,0.0,0.9682,0.0,-0.1372,0.0,14.29,8.27,6.38,36.36,31.12,28.47
RandomForest,9,4050,1.3961,6.1218,4.8993,-0.5502,0.762,302.33,0.0,0.9693,0.0,-0.1724,0.0,14.5,8.6,7.07,36.33,31.05,30.19
RandomForest,10,4050,1.2972,6.1307,4.8642,-0.5381,0.8924,329.85,0.0,0.9659,0.0,-0.1747,0.0,15.55,8.69,8.0,37.56,29.91,31.43
RandomForest,11,4050,1.1285,6.0748,4.794,-0.5811,1.0689,420.69,0.0,0.964,0.0,-0.1774,0.0,17.32,8.65,7.89,38.13,30.12,28.88
RandomForest,12,4050,1.0554,5.8621,4.687,-0.6837,0.7903,420.91,0.0,0.966,0.0,0.0001,0.99698,13.2,7.62,4.96,36.17,31.85,25.19
XGBoost,1,4050,0.5654,5.2634,4.1023,-0.6464,1.0983,485.59,0.0,0.9713,0.0,-0.1159,0.0,16.07,8.31,6.74,29.52,26.47,21.66
XGBoost,2,4050,0.5946,5.3404,4.1565,-0.6007,1.0476,428.81,0.0,0.9732,0.0,-0.1224,0.0,16.31,8.52,7.25,29.25,26.72,23.54
XGBoost,3,4050,0.6962,5.2783,4.1106,-0.6429,1.2494,542.4,0.0,0.9664,0.0,-0.1169,0.0,17.01,8.12,7.24,29.4,25.57,22.64
XGBoost,4,4050,0.8626,5.586,4.3441,-0.569,1.2701,490.79,0.0,0.9632,0.0,-0.123,0.0,19.57,9.04,8.69,31.9,28.09,26.04
XGBoost,5,4050,1.1929,5.7418,4.4716,-0.5983,1.2988,526.26,0.0,0.9581,0.0,-0.1008,0.0,20.03,8.47,8.69,33.01,27.89,27.55
XGBoost,6,4050,1.3394,5.8173,4.6006,-0.6561,1.2099,537.58,0.0,0.9607,0.0,-0.0496,0.001577,17.22,8.13,7.15,34.08,29.23,25.44
XGBoost,7,4050,1.2698,5.9914,4.7652,-0.5771,0.9025,362.26,0.0,0.9669,0.0,-0.1299,0.0,16.0,8.82,7.55,35.86,30.79,28.8
XGBoost,8,4050,1.3064,6.0231,4.7884,-0.5399,0.8639,322.69,0.0,0.9697,0.0,-0.1478,0.0,16.29,8.93,7.8,36.72,30.27,29.47
XGBoost,9,4050,1.2423,6.2507,4.9363,-0.4121,0.7682,214.22,0.0,0.9744,0.0,-0.2132,0.0,16.84,10.55,10.97,37.13,31.03,35.63
XGBoost,10,4050,1.1599,6.1434,4.8387,-0.4559,0.9434,290.48,0.0,0.9694,0.0,-0.1988,0.0,17.25,10.03,10.57,39.22,28.7,34.44
XGBoost,11,4050,0.8992,6.3034,4.8933,-0.3304,1.0157,247.76,0.0,0.9753,0.0,-0.2367,0.0,18.6,11.05,13.27,39.55,30.62,35.53
XGBoost,12,4050,1.0356,5.8694,4.6912,-0.6802,0.7895,417.5,0.0,0.9666,0.0,-0.0235,0.135359,13.36,7.74,5.14,36.5,31.94,25.3
