campaign_month,importance,month_name,share_pct
1.0,0.052269591367803514,Nov (Y-1),5.23
2.0,0.05339778517372906,Dec (Y-1),5.34
3.0,0.056665564654394984,Jan (Y),5.67
4.0,0.04186515475157648,Feb (Y),4.19
5.0,0.04477748787030578,Mar (Y),4.48
6.0,0.06581382954027504,Apr (Y),6.58
7.0,0.06986661849077791,May (Y - Planting),6.99
8.0,0.17416339507326484,Jun (Y),17.42
9.0,0.11919090617448092,Jul (Y - Flowering),11.92
10.0,0.13098046265076846,Aug (Y - Grain Fill),13.1
11.0,0.12209831061773002,Sep (Y - Maturity),12.21
12.0,0.06597549421712756,Oct (Y - Harvest),6.6
