model,H,year,mean_true_anomaly,rmse,mae,mean_error_bias,is_shock_year
ElasticNet,1,2012,-4.07,5.978,4.918,-0.119,True
ElasticNet,1,2003,-8.34,9.718,7.759,-6.847,True
ElasticNet,1,1998,2.09,4.206,3.097,0.072,True
ElasticNet,1,2008,-2.72,5.777,4.608,-1.508,True
ElasticNet,1,9999,1.92,5.005,3.971,0.943,False
ElasticNet,2,2012,-4.07,5.789,4.789,-0.223,True
ElasticNet,2,2003,-8.34,9.811,7.858,-7.029,True
ElasticNet,2,1998,2.09,4.174,3.07,-0.325,True
ElasticNet,2,2008,-2.72,5.548,4.496,-1.658,True
ElasticNet,2,9999,1.92,4.966,3.925,0.974,False
ElasticNet,3,2012,-4.07,5.717,4.709,-0.958,True
ElasticNet,3,2003,-8.34,10.288,8.423,-7.775,True
ElasticNet,3,1998,2.09,4.462,3.499,1.525,True
ElasticNet,3,2008,-2.72,5.398,4.289,-1.115,True
ElasticNet,3,9999,1.92,4.997,3.971,1.31,False
ElasticNet,4,2012,-4.07,5.799,4.808,0.562,True
ElasticNet,4,2003,-8.34,11.682,9.694,-9.178,True
ElasticNet,4,1998,2.09,4.884,4.014,2.586,True
ElasticNet,4,2008,-2.72,6.087,4.98,-2.406,True
ElasticNet,4,9999,1.92,5.185,4.115,1.334,False
ElasticNet,5,2012,-4.07,6.009,4.883,-1.077,True
ElasticNet,5,2003,-8.34,11.287,9.378,-8.938,True
ElasticNet,5,1998,2.09,5.001,4.212,2.999,True
ElasticNet,5,2008,-2.72,6.007,4.832,-2.153,True
ElasticNet,5,9999,1.92,5.383,4.302,1.571,False
ElasticNet,6,2012,-4.07,7.202,5.738,-4.069,True
ElasticNet,6,2003,-8.34,10.615,8.933,-8.339,True
ElasticNet,6,1998,2.09,4.667,3.893,2.087,True
ElasticNet,6,2008,-2.72,6.028,4.997,-2.721,True
ElasticNet,6,9999,1.92,5.675,4.601,1.917,False
ElasticNet,7,2012,-4.07,7.366,5.886,-4.484,True
ElasticNet,7,2003,-8.34,11.228,9.625,-9.171,True
ElasticNet,7,1998,2.09,4.161,3.392,1.636,True
ElasticNet,7,2008,-2.72,5.818,4.675,-1.959,True
ElasticNet,7,9999,1.92,5.668,4.605,1.945,False
ElasticNet,8,2012,-4.07,7.302,5.849,-4.339,True
ElasticNet,8,2003,-8.34,11.163,9.489,-9.01,True
ElasticNet,8,1998,2.09,4.336,3.573,1.701,True
ElasticNet,8,2008,-2.72,5.706,4.667,-2.001,True
ElasticNet,8,9999,1.92,5.709,4.645,1.884,False
ElasticNet,9,2012,-4.07,6.891,5.477,-3.594,True
ElasticNet,9,2003,-8.34,11.132,9.437,-8.941,True
ElasticNet,9,1998,2.09,4.323,3.563,1.759,True
ElasticNet,9,2008,-2.72,5.753,4.707,-1.969,True
ElasticNet,9,9999,1.92,5.796,4.725,1.951,False
ElasticNet,10,2012,-4.07,6.99,5.568,-3.72,True
ElasticNet,10,2003,-8.34,11.186,9.432,-8.823,True
ElasticNet,10,1998,2.09,4.541,3.777,2.144,True
ElasticNet,10,2008,-2.72,5.857,4.859,-2.265,True
ElasticNet,10,9999,1.92,5.714,4.641,1.912,False
ElasticNet,11,2012,-4.07,7.046,5.633,-3.799,True
ElasticNet,11,2003,-8.34,11.395,9.595,-8.967,True
ElasticNet,11,1998,2.09,4.415,3.67,1.734,True
ElasticNet,11,2008,-2.72,5.827,4.802,-2.293,True
ElasticNet,11,9999,1.92,5.702,4.625,1.889,False
ElasticNet,12,2012,-4.07,7.202,5.738,-4.069,True
ElasticNet,12,2003,-8.34,10.615,8.933,-8.339,True
ElasticNet,12,1998,2.09,4.667,3.893,2.087,True
ElasticNet,12,2008,-2.72,6.028,4.997,-2.721,True
ElasticNet,12,9999,1.92,5.671,4.598,1.912,False
Naive,1,2012,-4.07,7.202,5.738,-4.069,True
Naive,1,2003,-8.34,10.615,8.933,-8.339,True
Naive,1,1998,2.09,4.667,3.893,2.087,True
Naive,1,2008,-2.72,6.028,4.997,-2.721,True
Naive,1,9999,1.92,5.675,4.601,1.917,False
Naive,2,2012,-4.07,7.202,5.738,-4.069,True
Naive,2,2003,-8.34,10.615,8.933,-8.339,True
Naive,2,1998,2.09,4.667,3.893,2.087,True
Naive,2,2008,-2.72,6.028,4.997,-2.721,True
Naive,2,9999,1.92,5.675,4.601,1.917,False
Naive,3,2012,-4.07,7.202,5.738,-4.069,True
Naive,3,2003,-8.34,10.615,8.933,-8.339,True
Naive,3,1998,2.09,4.667,3.893,2.087,True
Naive,3,2008,-2.72,6.028,4.997,-2.721,True
Naive,3,9999,1.92,5.675,4.601,1.917,False
Naive,4,2012,-4.07,7.202,5.738,-4.069,True
Naive,4,2003,-8.34,10.615,8.933,-8.339,True
Naive,4,1998,2.09,4.667,3.893,2.087,True
Naive,4,2008,-2.72,6.028,4.997,-2.721,True
Naive,4,9999,1.92,5.675,4.601,1.917,False
Naive,5,2012,-4.07,7.202,5.738,-4.069,True
Naive,5,2003,-8.34,10.615,8.933,-8.339,True
Naive,5,1998,2.09,4.667,3.893,2.087,True
Naive,5,2008,-2.72,6.028,4.997,-2.721,True
Naive,5,9999,1.92,5.675,4.601,1.917,False
Naive,6,2012,-4.07,7.202,5.738,-4.069,True
Naive,6,2003,-8.34,10.615,8.933,-8.339,True
Naive,6,1998,2.09,4.667,3.893,2.087,True
Naive,6,2008,-2.72,6.028,4.997,-2.721,True
Naive,6,9999,1.92,5.675,4.601,1.917,False
Naive,7,2012,-4.07,7.202,5.738,-4.069,True
Naive,7,2003,-8.34,10.615,8.933,-8.339,True
Naive,7,1998,2.09,4.667,3.893,2.087,True
Naive,7,2008,-2.72,6.028,4.997,-2.721,True
Naive,7,9999,1.92,5.675,4.601,1.917,False
Naive,8,2012,-4.07,7.202,5.738,-4.069,True
Naive,8,2003,-8.34,10.615,8.933,-8.339,True
Naive,8,1998,2.09,4.667,3.893,2.087,True
Naive,8,2008,-2.72,6.028,4.997,-2.721,True
Naive,8,9999,1.92,5.675,4.601,1.917,False
Naive,9,2012,-4.07,7.202,5.738,-4.069,True
Naive,9,2003,-8.34,10.615,8.933,-8.339,True
Naive,9,1998,2.09,4.667,3.893,2.087,True
Naive,9,2008,-2.72,6.028,4.997,-2.721,True
Naive,9,9999,1.92,5.675,4.601,1.917,False
Naive,10,2012,-4.07,7.202,5.738,-4.069,True
Naive,10,2003,-8.34,10.615,8.933,-8.339,True
Naive,10,1998,2.09,4.667,3.893,2.087,True
Naive,10,2008,-2.72,6.028,4.997,-2.721,True
Naive,10,9999,1.92,5.675,4.601,1.917,False
Naive,11,2012,-4.07,7.202,5.738,-4.069,True
Naive,11,2003,-8.34,10.615,8.933,-8.339,True
Naive,11,1998,2.09,4.667,3.893,2.087,True
Naive,11,2008,-2.72,6.028,4.997,-2.721,True
Naive,11,9999,1.92,5.675,4.601,1.917,False
Naive,12,2012,-4.07,7.202,5.738,-4.069,True
Naive,12,2003,-8.34,10.615,8.933,-8.339,True
Naive,12,1998,2.09,4.667,3.893,2.087,True
Naive,12,2008,-2.72,6.028,4.997,-2.721,True
Naive,12,9999,1.92,5.675,4.601,1.917,False
RandomForest,1,2012,-4.07,5.841,4.682,-1.259,True
RandomForest,1,2003,-8.34,10.7,9.088,-8.626,True
RandomForest,1,1998,2.09,4.129,3.325,1.093,True
RandomForest,1,2008,-2.72,5.97,4.888,-2.087,True
RandomForest,1,9999,1.92,5.091,4.067,1.349,False
RandomForest,2,2012,-4.07,5.762,4.608,-1.271,True
RandomForest,2,2003,-8.34,10.643,8.958,-8.484,True
RandomForest,2,1998,2.09,4.034,3.237,1.12,True
RandomForest,2,2008,-2.72,5.849,4.8,-2.069,True
RandomForest,2,9999,1.92,5.128,4.088,1.371,False
RandomForest,3,2012,-4.07,5.94,4.743,-1.753,True
RandomForest,3,2003,-8.34,10.792,8.971,-8.385,True
RandomForest,3,1998,2.09,4.404,3.543,1.371,True
RandomForest,3,2008,-2.72,5.591,4.503,-1.766,True
RandomForest,3,9999,1.92,5.135,4.103,1.488,False
RandomForest,4,2012,-4.07,5.852,4.694,-0.864,True
RandomForest,4,2003,-8.34,11.52,9.674,-9.196,True
RandomForest,4,1998,2.09,4.431,3.6,1.437,True
RandomForest,4,2008,-2.72,6.232,4.961,-2.442,True
RandomForest,4,9999,1.92,5.343,4.271,1.571,False
RandomForest,5,2012,-4.07,5.898,4.743,-0.814,True
RandomForest,5,2003,-8.34,11.044,9.156,-8.532,True
RandomForest,5,1998,2.09,4.663,3.797,1.866,True
RandomForest,5,2008,-2.72,6.114,4.804,-1.929,True
RandomForest,5,9999,1.92,5.535,4.414,1.839,False
RandomForest,6,2012,-4.07,6.107,4.872,-1.979,True
RandomForest,6,2003,-8.34,11.157,9.295,-8.713,True
RandomForest,6,1998,2.09,4.425,3.614,1.688,True
RandomForest,6,2008,-2.72,5.891,4.693,-1.406,True
RandomForest,6,9999,1.92,5.626,4.532,2.076,False
RandomForest,7,2012,-4.07,7.041,5.638,-3.674,True
RandomForest,7,2003,-8.34,11.124,9.505,-9.032,True
RandomForest,7,1998,2.09,4.591,3.804,1.99,True
RandomForest,7,2008,-2.72,5.453,4.363,-1.632,True
RandomForest,7,9999,1.92,5.741,4.643,2.001,False
RandomForest,8,2012,-4.07,6.765,5.388,-3.241,True
RandomForest,8,2003,-8.34,11.114,9.496,-8.961,True
RandomForest,8,1998,2.09,4.79,3.978,1.982,True
RandomForest,8,2008,-2.72,5.469,4.35,-1.493,True
RandomForest,8,9999,1.92,5.795,4.688,1.99,False
RandomForest,9,2012,-4.07,6.793,5.407,-3.153,True
RandomForest,9,2003,-8.34,11.207,9.527,-8.974,True
RandomForest,9,1998,2.09,4.518,3.727,1.655,True
RandomForest,9,2008,-2.72,5.368,4.258,-1.268,True
RandomForest,9,9999,1.92,5.894,4.772,2.062,False
RandomForest,10,2012,-4.07,6.903,5.53,-3.228,True
RandomForest,10,2003,-8.34,11.636,9.848,-9.347,True
RandomForest,10,1998,2.09,4.696,3.867,1.826,True
RandomForest,10,2008,-2.72,5.335,4.329,-1.559,True
RandomForest,10,9999,1.92,5.864,4.706,1.97,False
RandomForest,11,2012,-4.07,7.0,5.644,-3.216,True
RandomForest,11,2003,-8.34,12.116,10.18,-9.623,True
RandomForest,11,1998,2.09,4.637,3.84,1.621,True
RandomForest,11,2008,-2.72,5.448,4.44,-1.762,True
RandomForest,11,9999,1.92,5.752,4.604,1.801,False
RandomForest,12,2012,-4.07,7.196,5.73,-4.066,True
RandomForest,12,2003,-8.34,10.599,8.887,-8.273,True
RandomForest,12,1998,2.09,4.685,3.898,2.074,True
RandomForest,12,2008,-2.72,6.18,5.101,-2.64,True
RandomForest,12,9999,1.92,5.57,4.5,1.714,False
XGBoost,1,2012,-4.07,5.774,4.57,-1.189,True
XGBoost,1,2003,-8.34,10.745,8.997,-8.482,True
XGBoost,1,1998,2.09,4.152,3.19,0.822,True
XGBoost,1,2008,-2.72,6.053,4.901,-1.946,True
XGBoost,1,9999,1.92,4.916,3.9,1.068,False
XGBoost,2,2012,-4.07,5.902,4.667,-1.348,True
XGBoost,2,2003,-8.34,10.66,8.904,-8.418,True
XGBoost,2,1998,2.09,4.089,3.157,0.543,True
XGBoost,2,2008,-2.72,6.143,5.029,-2.098,True
XGBoost,2,9999,1.92,5.01,3.959,1.121,False
XGBoost,3,2012,-4.07,5.81,4.687,-0.898,True
XGBoost,3,2003,-8.34,10.517,8.566,-8.0,True
XGBoost,3,1998,2.09,4.494,3.452,0.703,True
XGBoost,3,2008,-2.72,5.546,4.435,-1.03,True
XGBoost,3,9999,1.92,4.963,3.93,1.158,False
XGBoost,4,2012,-4.07,6.033,4.859,0.21,True
XGBoost,4,2003,-8.34,11.246,9.287,-8.767,True
XGBoost,4,1998,2.09,4.349,3.437,1.069,True
XGBoost,4,2008,-2.72,5.967,4.857,-2.194,True
XGBoost,4,9999,1.92,5.258,4.149,1.368,False
XGBoost,5,2012,-4.07,6.077,4.932,0.198,True
XGBoost,5,2003,-8.34,10.902,8.853,-8.146,True
XGBoost,5,1998,2.09,4.922,3.945,1.963,True
XGBoost,5,2008,-2.72,5.871,4.627,-1.855,True
XGBoost,5,9999,1.92,5.458,4.3,1.678,False
XGBoost,6,2012,-4.07,6.435,5.189,-2.411,True
XGBoost,6,2003,-8.34,11.049,9.163,-8.645,True
XGBoost,6,1998,2.09,4.754,3.881,1.749,True
XGBoost,6,2008,-2.72,5.558,4.382,-1.247,True
XGBoost,6,9999,1.92,5.541,4.439,1.951,False
XGBoost,7,2012,-4.07,6.614,5.282,-2.807,True
XGBoost,7,2003,-8.34,11.197,9.627,-9.209,True
XGBoost,7,1998,2.09,4.685,3.793,1.669,True
XGBoost,7,2008,-2.72,5.472,4.285,-0.982,True
XGBoost,7,9999,1.92,5.738,4.614,1.901,False
XGBoost,8,2012,-4.07,6.349,5.082,-1.881,True
XGBoost,8,2003,-8.34,11.161,9.538,-9.068,True
XGBoost,8,1998,2.09,4.781,3.956,1.882,True
XGBoost,8,2008,-2.72,5.322,4.149,-1.003,True
XGBoost,8,9999,1.92,5.792,4.651,1.895,False
XGBoost,9,2012,-4.07,6.88,5.443,-2.88,True
XGBoost,9,2003,-8.34,11.339,9.689,-9.3,True
XGBoost,9,1998,2.09,4.384,3.551,1.269,True
XGBoost,9,2008,-2.72,5.278,4.213,-0.966,True
XGBoost,9,9999,1.92,6.042,4.815,1.89,False
XGBoost,10,2012,-4.07,6.584,5.259,-2.359,True
XGBoost,10,2003,-8.34,11.653,9.924,-9.412,True
XGBoost,10,1998,2.09,4.829,3.918,2.294,True
XGBoost,10,2008,-2.72,5.205,4.261,-1.666,True
XGBoost,10,9999,1.92,5.892,4.685,1.767,False
XGBoost,11,2012,-4.07,7.163,5.755,-3.391,True
XGBoost,11,2003,-8.34,12.24,10.393,-9.929,True
XGBoost,11,1998,2.09,4.929,4.051,1.722,True
XGBoost,11,2008,-2.72,5.787,4.913,-2.822,True
XGBoost,11,9999,1.92,5.991,4.68,1.592,False
XGBoost,12,2012,-4.07,7.204,5.75,-4.083,True
XGBoost,12,2003,-8.34,10.645,8.94,-8.295,True
XGBoost,12,1998,2.09,4.699,3.905,2.054,True
XGBoost,12,2008,-2.72,6.231,5.138,-2.649,True
XGBoost,12,9999,1.92,5.573,4.5,1.694,False
