model,H,R2_OOS_pooled,RMSE_OOS_pooled,MAE_OOS_pooled,n_obs,skill_RMSE,R2_OOS_year_avg,iteration_id,feature_set,has_edd30,has_lagged_yield
ElasticNet,1,0.1932155049231374,5.339142779135337,4.188719417088779,4050,0.1017881680378159,0.1539587763656141,IT1_weather_only_base,Weather (16 indicators),False,False
ElasticNet,2,0.2128556763795339,5.273754964688202,4.127796717246723,4050,0.112788456105047,0.1764965361261416,IT1_weather_only_base,Weather (16 indicators),False,False
ElasticNet,3,0.1933111988413663,5.338826127881572,4.196391564718287,4050,0.1018414387433399,0.1736219790658642,IT1_weather_only_base,Weather (16 indicators),False,False
ElasticNet,4,0.1164574115245219,5.5873581088249535,4.37998053087866,4050,0.0600305385410236,0.1199366173150175,IT1_weather_only_base,Weather (16 indicators),False,False
ElasticNet,5,0.0677622373279792,5.73926276508838,4.543381805203553,4050,0.0344753950975559,0.0712560896185077,IT1_weather_only_base,Weather (16 indicators),False,False
ElasticNet,6,0.0,5.944191101860394,4.773226661502071,4050,0.0,-5.551115123125783e-17,IT1_weather_only_base,Weather (16 indicators),False,False
ElasticNet,7,-0.013671702638818,5.984686767145954,4.797339556454524,4050,-0.006812645251746,0.0002243658072168,IT1_weather_only_base,Weather (16 indicators),False,False
ElasticNet,8,-0.022363663072292,6.010290532404498,4.8300764422346285,4050,-0.0111200042884584,-0.017583355086392,IT1_weather_only_base,Weather (16 indicators),False,False
ElasticNet,9,-0.0415781003547506,6.066506724064926,4.886842704576354,4050,-0.0205773367828383,-0.042204045877951,IT1_weather_only_base,Weather (16 indicators),False,False
ElasticNet,10,-0.0213530063868612,6.007319064195191,4.823136113957744,4050,-0.0106201098270612,-0.01779426208157,IT1_weather_only_base,Weather (16 indicators),False,False
ElasticNet,11,-0.0262760300463344,6.0217795992451535,4.82317249236944,4050,-0.0130528268784084,-0.0152767627456874,IT1_weather_only_base,Weather (16 indicators),False,False
Naive,1,0.0,5.944191101860394,4.773226661502072,4050,0.0,0.0,IT1_weather_only_base,Weather (16 indicators),False,False
Naive,2,0.0,5.944191101860394,4.773226661502072,4050,0.0,0.0,IT1_weather_only_base,Weather (16 indicators),False,False
Naive,3,0.0,5.944191101860394,4.773226661502072,4050,0.0,0.0,IT1_weather_only_base,Weather (16 indicators),False,False
Naive,4,0.0,5.944191101860394,4.773226661502072,4050,0.0,0.0,IT1_weather_only_base,Weather (16 indicators),False,False
Naive,5,0.0,5.944191101860394,4.773226661502072,4050,0.0,0.0,IT1_weather_only_base,Weather (16 indicators),False,False
Naive,6,0.0,5.944191101860394,4.773226661502072,4050,0.0,0.0,IT1_weather_only_base,Weather (16 indicators),False,False
Naive,7,0.0,5.944191101860394,4.773226661502072,4050,0.0,0.0,IT1_weather_only_base,Weather (16 indicators),False,False
Naive,8,0.0,5.944191101860394,4.773226661502072,4050,0.0,0.0,IT1_weather_only_base,Weather (16 indicators),False,False
Naive,9,0.0,5.944191101860394,4.773226661502072,4050,0.0,0.0,IT1_weather_only_base,Weather (16 indicators),False,False
Naive,10,0.0,5.944191101860394,4.773226661502072,4050,0.0,0.0,IT1_weather_only_base,Weather (16 indicators),False,False
Naive,11,0.0,5.944191101860394,4.773226661502072,4050,0.0,0.0,IT1_weather_only_base,Weather (16 indicators),False,False
Naive,12,0.0,5.944191101860394,4.773226661502072,4050,0.0,0.0,IT1_weather_only_base,Weather (16 indicators),False,False
RandomForest,1,0.1618509009924932,5.44193568125338,4.299216208744884,4050,0.0844951671304476,0.149137295429954,IT1_weather_only_base,Weather (16 indicators),False,False
RandomForest,2,0.1692439719746367,5.417881649370205,4.272564135736076,4050,0.0885418122451456,0.160769116314666,IT1_weather_only_base,Weather (16 indicators),False,False
RandomForest,3,0.1563290754874635,5.45983231167171,4.278596260317436,4050,0.0814843907082816,0.1551344964772752,IT1_weather_only_base,Weather (16 indicators),False,False
RandomForest,4,0.0744322308416217,5.718694211576563,4.502259199297649,4050,0.0379356730663077,0.080381668276457,IT1_weather_only_base,Weather (16 indicators),False,False
RandomForest,5,0.0439910876327951,5.811974949541893,4.597730477166432,4050,0.0222429175059866,0.0483281062161016,IT1_weather_only_base,Weather (16 indicators),False,False
RandomForest,6,0.0079084473403046,5.920639784690339,4.717183762862772,4050,0.0039620726801135,0.0152677205234921,IT1_weather_only_base,Weather (16 indicators),False,False
RandomForest,7,-0.0360455060696465,6.050373411844157,4.837335758140412,4050,-0.0178632059710412,-0.0255682127893795,IT1_weather_only_base,Weather (16 indicators),False,False
RandomForest,8,-0.0258267776839455,6.020461437874577,4.815474916561153,4050,-0.0128310706548973,-0.0187459471320244,IT1_weather_only_base,Weather (16 indicators),False,False
RandomForest,9,-0.0635723430113344,6.13022311008184,4.90010173703178,4050,-0.0312964379902291,-0.0535872911822231,IT1_weather_only_base,Weather (16 indicators),False,False
RandomForest,10,-0.058799689118612,6.116453323032642,4.863481209020387,4050,-0.0289799264896335,-0.0402191950848609,IT1_weather_only_base,Weather (16 indicators),False,False
RandomForest,11,-0.044493673718378,6.0749914383408345,4.798235282107888,4050,-0.0220047327279742,-0.0099219292620927,IT1_weather_only_base,Weather (16 indicators),False,False
XGBoost,1,0.2050012909647224,5.300001285932748,4.142059780691003,4050,0.1083729989310118,0.1860219737991561,IT1_weather_only_base,Weather (16 indicators),False,False
XGBoost,2,0.1975501437598604,5.324780563935857,4.1617763986636485,4050,0.1042043445963027,0.1758547107676731,IT1_weather_only_base,Weather (16 indicators),False,False
XGBoost,3,0.191369429111936,5.345247774010317,4.168494761517738,4050,0.1007611157828727,0.1737002945418045,IT1_weather_only_base,Weather (16 indicators),False,False
XGBoost,4,0.1163004980323387,5.587854232589581,4.3531050048976505,4050,0.059947074911385,0.1092225269448996,IT1_weather_only_base,Weather (16 indicators),False,False
XGBoost,5,0.0606480913468701,5.761120039386748,4.496035097086832,4050,0.0307983137379868,0.0628002990801308,IT1_weather_only_base,Weather (16 indicators),False,False
XGBoost,6,0.0233519528414618,5.874376884527242,4.649942116616543,4050,0.011744948326325,0.0296234025957794,IT1_weather_only_base,Weather (16 indicators),False,False
XGBoost,7,-0.0210687422844306,6.006483024164236,4.781422406527264,4050,-0.010479461584663,-0.0098683096864494,IT1_weather_only_base,Weather (16 indicators),False,False
XGBoost,8,-0.0344120648149666,6.0456019862947645,4.800638612387753,4050,-0.0170605020425118,-0.0232383068577971,IT1_weather_only_base,Weather (16 indicators),False,False
XGBoost,9,-0.056394007219938,6.109500823564948,4.8526498887604586,4050,-0.027810297292228,-0.0433562437979938,IT1_weather_only_base,Weather (16 indicators),False,False
XGBoost,10,-0.0769558633856166,6.16867252845436,4.864635104946165,4050,-0.0377648401182304,-0.0569618820702217,IT1_weather_only_base,Weather (16 indicators),False,False
XGBoost,11,-0.1556820893008483,6.390163269626967,4.9586295990379,4050,-0.0750265528352536,-0.0964656169598181,IT1_weather_only_base,Weather (16 indicators),False,False
ElasticNet,1,0.2039247228146298,5.303588639065079,4.156038171952894,4050,0.1077694932443914,0.163528524408062,IT2_weather_only_edd30,Weather + EDD30 (17 indicators),True,False
ElasticNet,2,0.2156304613907331,5.264451426033068,4.11224986526404,4050,0.1143536040782039,0.1783270259484544,IT2_weather_only_edd30,Weather + EDD30 (17 indicators),True,False
ElasticNet,3,0.2032889838293814,5.305705916961056,4.166362336570155,4050,0.1074133004740555,0.1830085651612625,IT2_weather_only_edd30,Weather + EDD30 (17 indicators),True,False
ElasticNet,4,0.1154484641743964,5.590547395781437,4.377369497455044,4050,0.0594940001118529,0.1196523730312509,IT2_weather_only_edd30,Weather + EDD30 (17 indicators),True,False
ElasticNet,5,0.0635436017228285,5.752233988561329,4.550240065285923,4050,0.0322932271203371,0.0679982156557332,IT2_weather_only_edd30,Weather + EDD30 (17 indicators),True,False
ElasticNet,6,0.0,5.944191101860394,4.773226661502071,4050,0.0,-5.551115123125783e-17,IT2_weather_only_edd30,Weather + EDD30 (17 indicators),True,False
ElasticNet,7,-0.0136727840600998,5.984689959484209,4.797331125635948,4050,-0.0068131823034995,0.0002212265122983,IT2_weather_only_edd30,Weather + EDD30 (17 indicators),True,False
ElasticNet,8,-0.022363663072292,6.010290532404498,4.8300764422346285,4050,-0.0111200042884584,-0.017583355086392,IT2_weather_only_edd30,Weather + EDD30 (17 indicators),True,False
ElasticNet,9,-0.0415781003547506,6.066506724064926,4.886842704576354,4050,-0.0205773367828383,-0.042204045877951,IT2_weather_only_edd30,Weather + EDD30 (17 indicators),True,False
ElasticNet,10,-0.0213530063868612,6.007319064195191,4.823136113957744,4050,-0.0106201098270612,-0.01779426208157,IT2_weather_only_edd30,Weather + EDD30 (17 indicators),True,False
ElasticNet,11,-0.0262760300463344,6.0217795992451535,4.82317249236944,4050,-0.0130528268784084,-0.0152767627456874,IT2_weather_only_edd30,Weather + EDD30 (17 indicators),True,False
Naive,1,0.0,5.944191101860394,4.773226661502072,4050,0.0,0.0,IT2_weather_only_edd30,Weather + EDD30 (17 indicators),True,False
Naive,2,0.0,5.944191101860394,4.773226661502072,4050,0.0,0.0,IT2_weather_only_edd30,Weather + EDD30 (17 indicators),True,False
Naive,3,0.0,5.944191101860394,4.773226661502072,4050,0.0,0.0,IT2_weather_only_edd30,Weather + EDD30 (17 indicators),True,False
Naive,4,0.0,5.944191101860394,4.773226661502072,4050,0.0,0.0,IT2_weather_only_edd30,Weather + EDD30 (17 indicators),True,False
Naive,5,0.0,5.944191101860394,4.773226661502072,4050,0.0,0.0,IT2_weather_only_edd30,Weather + EDD30 (17 indicators),True,False
Naive,6,0.0,5.944191101860394,4.773226661502072,4050,0.0,0.0,IT2_weather_only_edd30,Weather + EDD30 (17 indicators),True,False
Naive,7,0.0,5.944191101860394,4.773226661502072,4050,0.0,0.0,IT2_weather_only_edd30,Weather + EDD30 (17 indicators),True,False
Naive,8,0.0,5.944191101860394,4.773226661502072,4050,0.0,0.0,IT2_weather_only_edd30,Weather + EDD30 (17 indicators),True,False
Naive,9,0.0,5.944191101860394,4.773226661502072,4050,0.0,0.0,IT2_weather_only_edd30,Weather + EDD30 (17 indicators),True,False
Naive,10,0.0,5.944191101860394,4.773226661502072,4050,0.0,0.0,IT2_weather_only_edd30,Weather + EDD30 (17 indicators),True,False
Naive,11,0.0,5.944191101860394,4.773226661502072,4050,0.0,0.0,IT2_weather_only_edd30,Weather + EDD30 (17 indicators),True,False
Naive,12,0.0,5.944191101860394,4.773226661502072,4050,0.0,0.0,IT2_weather_only_edd30,Weather + EDD30 (17 indicators),True,False
RandomForest,1,0.168306863716342,5.420936523782348,4.281656761337356,4050,0.0880278862357368,0.1575422466784436,IT2_weather_only_edd30,Weather + EDD30 (17 indicators),True,False
RandomForest,2,0.166185222975284,5.427846496770515,4.284566521059858,4050,0.0868654113304457,0.1558885732087792,IT2_weather_only_edd30,Weather + EDD30 (17 indicators),True,False
RandomForest,3,0.1590288959484987,5.451089341965351,4.270932480348346,4050,0.0829552333438125,0.1529288856348258,IT2_weather_only_edd30,Weather + EDD30 (17 indicators),True,False
RandomForest,4,0.0781550723961908,5.707181686830245,4.492159962858166,4050,0.0398724420141826,0.0805167002185689,IT2_weather_only_edd30,Weather + EDD30 (17 indicators),True,False
RandomForest,5,0.0411185020515093,5.820700220080545,4.58584058212476,4050,0.020775052427436,0.0486861799744458,IT2_weather_only_edd30,Weather + EDD30 (17 indicators),True,False
RandomForest,6,0.0184173167148492,5.889198696966147,4.701089893658107,4050,0.0092514530491852,0.0154724110336974,IT2_weather_only_edd30,Weather + EDD30 (17 indicators),True,False
RandomForest,7,-0.0165003840724449,5.993031174258926,4.788841802534142,4050,-0.0082164371167754,-0.004419512006678,IT2_weather_only_edd30,Weather + EDD30 (17 indicators),True,False
RandomForest,8,-0.0363610967907965,6.051294846428861,4.837259902312306,4050,-0.0180182202646455,-0.0262749460125179,IT2_weather_only_edd30,Weather + EDD30 (17 indicators),True,False
RandomForest,9,-0.0663852849071966,6.138324380697195,4.91415772994208,4050,-0.0326593266451413,-0.0546687440365866,IT2_weather_only_edd30,Weather + EDD30 (17 indicators),True,False
RandomForest,10,-0.0622832349011199,6.126506900082093,4.876662666580809,4050,-0.0306712545235361,-0.0398450098991624,IT2_weather_only_edd30,Weather + EDD30 (17 indicators),True,False
RandomForest,11,-0.0312650648653425,6.036398689943376,4.781349686500324,4050,-0.0155122179793518,-0.0020071200457004,IT2_weather_only_edd30,Weather + EDD30 (17 indicators),True,False
XGBoost,1,0.2044824595274985,5.301730445210171,4.143275160482128,4050,0.1080820999259508,0.1774399276544072,IT2_weather_only_edd30,Weather + EDD30 (17 indicators),True,False
XGBoost,2,0.1844028437001326,5.368223818850815,4.199889877898131,4050,0.0968958220117308,0.1710365394175028,IT2_weather_only_edd30,Weather + EDD30 (17 indicators),True,False
XGBoost,3,0.1921451457617528,5.342683319530928,4.156399051336824,4050,0.1011925377266568,0.1821387692974005,IT2_weather_only_edd30,Weather + EDD30 (17 indicators),True,False
XGBoost,4,0.1055543949298145,5.62172672481039,4.380155384393732,4050,0.0542486557925568,0.1026681241793767,IT2_weather_only_edd30,Weather + EDD30 (17 indicators),True,False
XGBoost,5,0.0451846170981004,5.808345836011952,4.535325366707413,4050,0.0228534486056354,0.0497487156767661,IT2_weather_only_edd30,Weather + EDD30 (17 indicators),True,False
XGBoost,6,0.0241850432843777,5.871870899216704,4.64926569087173,4050,0.0121665339159529,0.0292136484331521,IT2_weather_only_edd30,Weather + EDD30 (17 indicators),True,False
XGBoost,7,-0.0345994793803368,6.046149631953172,4.8161669473010535,4050,-0.0171526332760176,-0.0258414456114857,IT2_weather_only_edd30,Weather + EDD30 (17 indicators),True,False
XGBoost,8,-0.0340770220655026,6.044622831457343,4.8061524490608525,4050,-0.0168957773860125,-0.0247466232657232,IT2_weather_only_edd30,Weather + EDD30 (17 indicators),True,False
XGBoost,9,-0.0788346927642855,6.174051037044867,4.8832431954115485,4050,-0.0386696745184609,-0.0622758207139834,IT2_weather_only_edd30,Weather + EDD30 (17 indicators),True,False
XGBoost,10,-0.0755340026075059,6.164599060484054,4.8525367275740425,4050,-0.0370795546184035,-0.0506813118283126,IT2_weather_only_edd30,Weather + EDD30 (17 indicators),True,False
XGBoost,11,-0.1468381361530362,6.36566568466045,4.973671127004749,4050,-0.0709052881338463,-0.0925725537933769,IT2_weather_only_edd30,Weather + EDD30 (17 indicators),True,False
ElasticNet,1,0.2145267014292849,5.268154175605907,4.121035946485719,4050,0.1137306850789005,0.1737068992436837,IT3_integrated_weather_edd30_lag1,Weather + EDD30 + Lagged Anomaly,True,True
ElasticNet,2,0.2271479101025915,5.2256576719367525,4.075775124308715,4050,0.1208799343107857,0.1887549574964853,IT3_integrated_weather_edd30_lag1,Weather + EDD30 + Lagged Anomaly,True,True
ElasticNet,3,0.2106056708852747,5.28128694442738,4.138528363361262,4050,0.1115213400904188,0.1904096246861154,IT3_integrated_weather_edd30_lag1,Weather + EDD30 + Lagged Anomaly,True,True
ElasticNet,4,0.1226663289903927,5.567691480594952,4.349244324838692,4050,0.0633390842948514,0.1269613693487128,IT3_integrated_weather_edd30_lag1,Weather + EDD30 + Lagged Anomaly,True,True
ElasticNet,5,0.077385428314329,5.7095636396084135,4.50547434101647,4050,0.0394717225996565,0.082349984731393,IT3_integrated_weather_edd30_lag1,Weather + EDD30 + Lagged Anomaly,True,True
ElasticNet,6,0.0,5.944191101860394,4.773226661502071,4050,0.0,-5.551115123125783e-17,IT3_integrated_weather_edd30_lag1,Weather + EDD30 + Lagged Anomaly,True,True
ElasticNet,7,-0.0062763291393415,5.962815773839705,4.776844447744166,4050,-0.0031332559233303,0.0073032723777872,IT3_integrated_weather_edd30_lag1,Weather + EDD30 + Lagged Anomaly,True,True
ElasticNet,8,-0.0158263918968146,5.991044000439857,4.811929233431154,4050,-0.007882131946397,-0.0113329384822588,IT3_integrated_weather_edd30_lag1,Weather + EDD30 + Lagged Anomaly,True,True
ElasticNet,9,-0.0345903512172591,6.046122959621189,4.868178606796093,4050,-0.0171481461504312,-0.0355598738996825,IT3_integrated_weather_edd30_lag1,Weather + EDD30 + Lagged Anomaly,True,True
ElasticNet,10,-0.0167375286387567,5.9937302059169735,4.810368170996941,4050,-0.0083340362393589,-0.0131328678130834,IT3_integrated_weather_edd30_lag1,Weather + EDD30 + Lagged Anomaly,True,True
ElasticNet,11,-0.0173400605767795,5.995505924276417,4.79860123241334,4050,-0.0086327679471749,-0.0067711494612188,IT3_integrated_weather_edd30_lag1,Weather + EDD30 + Lagged Anomaly,True,True
ElasticNet,12,0.0010504581881012,5.941068219423256,4.770353932396597,4050,0.0005253670993451,0.0011550520853084,IT3_integrated_weather_edd30_lag1,Weather + EDD30 + Lagged Anomaly,True,True
Naive,1,0.0,5.944191101860394,4.773226661502072,4050,0.0,0.0,IT3_integrated_weather_edd30_lag1,Weather + EDD30 + Lagged Anomaly,True,True
Naive,2,0.0,5.944191101860394,4.773226661502072,4050,0.0,0.0,IT3_integrated_weather_edd30_lag1,Weather + EDD30 + Lagged Anomaly,True,True
Naive,3,0.0,5.944191101860394,4.773226661502072,4050,0.0,0.0,IT3_integrated_weather_edd30_lag1,Weather + EDD30 + Lagged Anomaly,True,True
Naive,4,0.0,5.944191101860394,4.773226661502072,4050,0.0,0.0,IT3_integrated_weather_edd30_lag1,Weather + EDD30 + Lagged Anomaly,True,True
Naive,5,0.0,5.944191101860394,4.773226661502072,4050,0.0,0.0,IT3_integrated_weather_edd30_lag1,Weather + EDD30 + Lagged Anomaly,True,True
Naive,6,0.0,5.944191101860394,4.773226661502072,4050,0.0,0.0,IT3_integrated_weather_edd30_lag1,Weather + EDD30 + Lagged Anomaly,True,True
Naive,7,0.0,5.944191101860394,4.773226661502072,4050,0.0,0.0,IT3_integrated_weather_edd30_lag1,Weather + EDD30 + Lagged Anomaly,True,True
Naive,8,0.0,5.944191101860394,4.773226661502072,4050,0.0,0.0,IT3_integrated_weather_edd30_lag1,Weather + EDD30 + Lagged Anomaly,True,True
Naive,9,0.0,5.944191101860394,4.773226661502072,4050,0.0,0.0,IT3_integrated_weather_edd30_lag1,Weather + EDD30 + Lagged Anomaly,True,True
Naive,10,0.0,5.944191101860394,4.773226661502072,4050,0.0,0.0,IT3_integrated_weather_edd30_lag1,Weather + EDD30 + Lagged Anomaly,True,True
Naive,11,0.0,5.944191101860394,4.773226661502072,4050,0.0,0.0,IT3_integrated_weather_edd30_lag1,Weather + EDD30 + Lagged Anomaly,True,True
Naive,12,0.0,5.944191101860394,4.773226661502072,4050,0.0,0.0,IT3_integrated_weather_edd30_lag1,Weather + EDD30 + Lagged Anomaly,True,True
RandomForest,1,0.1744885381540758,5.400753018861302,4.25789859411459,4050,0.0914233869144968,0.1650227402294332,IT3_integrated_weather_edd30_lag1,Weather + EDD30 + Lagged Anomaly,True,True
RandomForest,2,0.1692670676550911,5.417806338130334,4.26275803184185,4050,0.0885544819656477,0.1618597245018673,IT3_integrated_weather_edd30_lag1,Weather + EDD30 + Lagged Anomaly,True,True
RandomForest,3,0.1622782055947629,5.440548302433146,4.281023262992616,4050,0.0847285679071824,0.1561771077630475,IT3_integrated_weather_edd30_lag1,Weather + EDD30 + Lagged Anomaly,True,True
RandomForest,4,0.0869878039978893,5.679773965425922,4.466158668722642,4050,0.0444832832429824,0.0930154277156232,IT3_integrated_weather_edd30_lag1,Weather + EDD30 + Lagged Anomaly,True,True
RandomForest,5,0.0449720920519466,5.808992217661565,4.575060722128131,4050,0.0227447068713041,0.0542846977081523,IT3_integrated_weather_edd30_lag1,Weather + EDD30 + Lagged Anomaly,True,True
RandomForest,6,0.0198511024120537,5.8848959852771525,4.677061683648921,4050,0.0099753045565246,0.0212822484381241,IT3_integrated_weather_edd30_lag1,Weather + EDD30 + Lagged Anomaly,True,True
RandomForest,7,-0.0198257936620811,6.002826060195008,4.800870168100103,4050,-0.0098642451647059,-0.0042211236504295,IT3_integrated_weather_edd30_lag1,Weather + EDD30 + Lagged Anomaly,True,True
RandomForest,8,-0.0332041926441435,6.042071262128765,4.836288671474927,4050,-0.0164665231300751,-0.0259717058687006,IT3_integrated_weather_edd30_lag1,Weather + EDD30 + Lagged Anomaly,True,True
RandomForest,9,-0.0606534905484663,6.121805483257459,4.899263586354043,4050,-0.029880328265603,-0.0502085610172044,IT3_integrated_weather_edd30_lag1,Weather + EDD30 + Lagged Anomaly,True,True
RandomForest,10,-0.0637395673417995,6.13070501531864,4.864207597371006,4050,-0.0313775096160471,-0.0404965956424517,IT3_integrated_weather_edd30_lag1,Weather + EDD30 + Lagged Anomaly,True,True
RandomForest,11,-0.0444281348330408,6.074800841488422,4.794000603753172,4050,-0.0219726683395407,-0.0071642658718935,IT3_integrated_weather_edd30_lag1,Weather + EDD30 + Lagged Anomaly,True,True
RandomForest,12,0.0274282706902108,5.8621048762684005,4.686975854039482,4050,0.0138094863010548,0.0260388787135111,IT3_integrated_weather_edd30_lag1,Weather + EDD30 + Lagged Anomaly,True,True
XGBoost,1,0.2159477374459391,5.263386587815894,4.102335870135264,4050,0.1145327433755324,0.1946473280249732,IT3_integrated_weather_edd30_lag1,Weather + EDD30 + Lagged Anomaly,True,True
XGBoost,2,0.1928425928367745,5.340376566388806,4.156453252655032,4050,0.1015806061959562,0.1797759428722506,IT3_integrated_weather_edd30_lag1,Weather + EDD30 + Lagged Anomaly,True,True
XGBoost,3,0.2114948139088124,5.278311788468602,4.110623982949032,4050,0.1120218549473262,0.1978870529755797,IT3_integrated_weather_edd30_lag1,Weather + EDD30 + Lagged Anomaly,True,True
XGBoost,4,0.1168981698391226,5.58596429839616,4.3440581787366765,4050,0.0602650213167132,0.1126885587030592,IT3_integrated_weather_edd30_lag1,Weather + EDD30 + Lagged Anomaly,True,True
XGBoost,5,0.0669273837006849,5.741832051744696,4.471588469301175,4050,0.0340431602295497,0.0743668418485336,IT3_integrated_weather_edd30_lag1,Weather + EDD30 + Lagged Anomaly,True,True
XGBoost,6,0.0422411598703852,5.817291786170715,4.600641384242034,4050,0.0213484582704553,0.0474450236301512,IT3_integrated_weather_edd30_lag1,Weather + EDD30 + Lagged Anomaly,True,True
XGBoost,7,-0.0159564687921782,5.99142756571444,4.765210752164161,4050,-0.0079466596959276,-0.0050995808058919,IT3_integrated_weather_edd30_lag1,Weather + EDD30 + Lagged Anomaly,True,True
XGBoost,8,-0.0267188975982182,6.023078744439737,4.788350764964085,4050,-0.013271383982701,-0.0158942495001032,IT3_integrated_weather_edd30_lag1,Weather + EDD30 + Lagged Anomaly,True,True
XGBoost,9,-0.1057943595041741,6.250718607376428,4.936254510645351,4050,-0.0515675724860356,-0.0923495853544924,IT3_integrated_weather_edd30_lag1,Weather + EDD30 + Lagged Anomaly,True,True
XGBoost,10,-0.0681542597531701,6.143413555376228,4.838711464949192,4050,-0.0335154859764657,-0.0445264443450464,IT3_integrated_weather_edd30_lag1,Weather + EDD30 + Lagged Anomaly,True,True
XGBoost,11,-0.1245198938528997,6.303421297284231,4.893287197811183,4050,-0.0604338234198773,-0.0693446832052388,IT3_integrated_weather_edd30_lag1,Weather + EDD30 + Lagged Anomaly,True,True
XGBoost,12,0.0249937339270343,5.869437286551593,4.691225465298899,4050,0.0125759441491383,0.0229859795416317,IT3_integrated_weather_edd30_lag1,Weather + EDD30 + Lagged Anomaly,True,True
